groupMetadataID,vehicleID,Route,driver,operator,experimentID,other.Objective,other.MapVersion,other.Weather_Lighting,other.Weather_Precipitation,other.StackVersion,other.Weather,other.Map,other.Notes
06cbdbc0-db4d-11ee-a158-97f8443fd730,Van1,Blue,3,2,1693493050,Single Vehicle,V2F,Partly Cloudy,No precipitation,1.2.2,,,
3a116996-93a9-11ee-956e-9da2d070324c,OUPacifica,,1,,13,,,,,,"80 F, clear, dry",unknown,
2837eb9c-9542-11ee-956e-9da2d070324c,OUPacifica,,1,,1,,,,,,"65 F, clear, dry",,"Started just past W. Union and 682 going north. Stopped at 1st stop light in the plains, vehicle was going to stop at green. Vehicle and school bus pulled out in front. Max speed was 39 mph and vehicle slowed during the curves."
da853e0c-a10f-11ee-981c-d126ddbe9afa,OUPacifica,,1,,2,,,,,,"77 F, clear, dry",ohio_athens_blue_v2b,"Started just past W. Union and 682 going north. Manual takeover on 682 because truck pulled off the road, Apollo was not stopping. Pumping of brakes through green light. Left turn to Hamley Run - manual takeover because opposing vehicle approach and Apollo began turn. Manual takeover on 246 because middle of road and vehicle opposing. Engaged along 682 south, stopped at original end location. Engaged at West union, had trouble going slow through the tiny traffic circle. Manual takeover in traffic circile because curb hit was going to occur"
154fab12-a43f-11ee-88ec-eb6a8d5269b4,OUPacifica,,1,,3,,,,,,"77 F, clear, dry",ohio_athens_blue_v2b,"Started on W Union going opposite direction to test the traffic circle, vehicle stopped way back from entrance, was confused by bush in the middle, went through 3/4 of it and then manual takeover because it was about to hit curb"
88180f82-ed4f-11ee-9385-ef789ffde1d3,Van2,Blue,1,0,1684781663,Map Verification,V2b,Clear,No precipitation,,,,
c0555ef0-f50f-11ee-8afa-cb629b0d53e6,Van2,Red,1,0,1684784353,Map Verification,1,Clear,No precipitation,,,,
ba6e1072-9524-11ee-956e-9da2d070324c,OUPacifica,,1,,4,,,,,,"80 F, clear, dry",ohio_athens_blue_v2c,"Uptown athens, west union, some of 682"
baf0e4be-bede-11ee-835b-599066b5eb60,Van1,Blue,1,0,1685632020,Map Verification,V2b,Clear,No precipitation,,,,
6af236d6-d98f-11ee-a158-97f8443fd730,Van1,Blue,1,0,1685639100,Map Verification,V2b,Clear,No precipitation,,,,
5afabc8c-f035-11ee-b966-fb353e7798cd,Van1,Green,1,0,1685639100,Map Verification,V2b,Clear,No precipitation,,,,
1bbbfbae-c839-11ee-a7fc-dd032dba19e8,OUPacifica,,1,,5,,,,,,"75F, dry",ohio_athens_red_v2,33 to 550 - almost end of 550. 2x manual takeovers on 33 due to traffic. End of 550 position error was high. Lowered max speed to 45 on 550
39ba7438-d0d5-11ee-9435-f7e542e2436c,Van1,Blue,0,1,1689270950,Map Verification,2f,Clear,No precipitation,1.1.1,,,
c0624e24-d9aa-11ee-a158-97f8443fd730,Van1,Blue,3,0,1690478153,Single Vehicle,v2f,Clear,No precipitation,1.1.2,,,
19b7ebd0-d9b7-11ee-a158-97f8443fd730,Van1,Blue,3,0,1690480064,Single Vehicle,v2f,Clear,No precipitation,1.1.2,,,
47561998-d9c3-11ee-a158-97f8443fd730,Van1,Blue,3,0,1690482007,Single Vehicle,V2F,Clear,No precipitation,1.1.2,,,
05c7c824-cab8-11ee-aa4d-1d66adf2f0c7,Van1,Red,3,1,1690899717,Calibration,v3,Clear,No precipitation,1.1.3,,,
2462c9d0-eecd-11ee-9385-ef789ffde1d3,Van1,Red,3,0,1690903510,Single Vehicle,v3,Clear,No precipitation,1.1.2,,,
94c53148-eeed-11ee-9385-ef789ffde1d3,Van1,Red,3,0,1690908929,Single Vehicle,v3,Clear,No precipitation,1.1.2,,,
88a68dd8-eef9-11ee-9385-ef789ffde1d3,Van1,Red,3,1,1690911954,Single Vehicle,V3,Clear,No precipitation,1.1.2,,,
59c189d8-ed54-11ee-9385-ef789ffde1d3,Van2,Blue,3,0,1691072577,Single Vehicle,V2F,Clear,No precipitation,1.2.1,,,
d94ef300-ed60-11ee-9385-ef789ffde1d3,Van2,Blue,3,0,1691075427,Single Vehicle,V2F,Clear,No precipitation,1.2.1,,,
8b6a6cfc-ed6d-11ee-9385-ef789ffde1d3,Van2,Blue,3,0,1691081526,Single Vehicle,V2F,Clear,No precipitation,1.2.1,,,
530de03a-ed79-11ee-9385-ef789ffde1d3,Van2,Blue,3,0,1691084538,Single Vehicle,V2F,Clear,No precipitation,1.2.1,,,
43914d48-ed85-11ee-9385-ef789ffde1d3,Van2,Blue,3,0,1691087271,Single Vehicle,V2F,Clear,No precipitation,1.2.1,,,
86841630-d9d0-11ee-a158-97f8443fd730,Van1,Blue,1,4,1691504421,Multi-vehicle,V2F,Clear,No precipitation,1.1.2,,,
c9023e32-ed90-11ee-9385-ef789ffde1d3,Van2,Blue,3,0,1691504361,Multi-vehicle,V2f,Clear,No precipitation,1.2.1,,,
e269948a-ed9d-11ee-9385-ef789ffde1d3,Van2,Blue,3,0,1691508219,Multi-vehicle,V2F,Clear,No precipitation,1.2.1,,,
60546ef4-edaa-11ee-9385-ef789ffde1d3,Van2,Blue,3,0,1691511606,Multi-vehicle,V2F,Clear,No precipitation,1.2.1,,,
4ed017ee-ef05-11ee-9385-ef789ffde1d3,Van1,Red,1,4,1691518309,Multi-vehicle,V3,Clear,No precipitation,1.1.2,,,
ce6465b6-f51b-11ee-8afa-cb629b0d53e6,Van2,Red,3,0,1691517970,Multi-vehicle,V3,Clear,No precipitation,1.2.1,,,
fe0395f0-f1ea-11ee-baf9-fb353e7798cd,Van2,Green,3,0,1691678548,Single Vehicle,V3,Cloudy,No precipitation,1.2.1,,,
7a22a34c-f1f0-11ee-bafe-fb353e7798cd,Van2,Green,3,0,1691679859,Single Vehicle,V3,Cloudy,No precipitation,1.2.1,,,
0f3cdf60-f1f6-11ee-bb00-fb353e7798cd,Van2,Green,3,0,1691680851,Single Vehicle,V3,Cloudy,No precipitation,1.2.1,,,
a08a8c7e-f1fb-11ee-bb05-fb353e7798cd,Van2,Green,3,0,1691681779,Single Vehicle,V3,Mostly Cloudy,No precipitation,1.2.1,,,
df6c3fb4-f200-11ee-bb07-fb353e7798cd,Van2,Green,3,0,1691683677,Single Vehicle,V3,Cloudy,No precipitation,1.2.1,,,
43abeb00-f206-11ee-bb07-fb353e7798cd,Van2,Green,3,0,1691684637,Single Vehicle,V3,Cloudy,No precipitation,1.2.1,,,
76683d3c-db18-11ee-a158-97f8443fd730,Van1,Blue,3,2,1692282847,Single Vehicle,V2F,Clear,No precipitation,1.2.1,,,
3a2a78cc-db21-11ee-a158-97f8443fd730,Van1,Blue,3,2,1692285096,Single Vehicle,V2F,Clear,No precipitation,1.2.1,,,
f9d62032-db2a-11ee-a158-97f8443fd730,Van1,Blue,3,2,1692287361,Single Vehicle,V2F,Partly Cloudy,No precipitation,1.2.1	,,,
dc39aa14-db32-11ee-a158-97f8443fd730,Van1,Blue,3,0,1692297395,Single Vehicle,V2F,Clear,No precipitation,1.2.1	,,,
e6d7d384-db40-11ee-a158-97f8443fd730,Van1,Blue,3,0,1692300020,Single Vehicle,V2F,Clear,No precipitation,1.2.1,,,
aa5dbcd2-ef10-11ee-9385-ef789ffde1d3,Van1,Red,1,2,1692368703,Single Vehicle,V3,Clear,No precipitation,1.2.1,,,
e7b934a8-ef1a-11ee-9385-ef789ffde1d3,Van1,Red,1,2,1692377371,Single Vehicle,V3,Clear,No precipitation,1.2.1,,,
85b6e70e-ef7a-11ee-b966-fb353e7798cd,Van1,Red,1,0,1692380389,Single Vehicle,V3,Clear,No precipitation,1.2.1,,,
219f7eb8-ef87-11ee-b966-fb353e7798cd,Van1,Red,1,2,1692384057,Single Vehicle,v2,Clear,No precipitation,1.2.1,,,
7948628e-f20b-11ee-bb0f-fb353e7798cd,Van2,Green,3,2,1692718087,Single Vehicle,V3,Clear,No precipitation,1.2.1,,,
fa852f30-f210-11ee-bb10-fb353e7798cd,Van2,Green,3,2,1692720346,Single Vehicle,V3,Clear,No precipitation,1.2.1,,,
986a0b90-f215-11ee-bb15-fb353e7798cd,Van2,Green,3,2,1692721184,Single Vehicle,V3,Clear,No precipitation,1.2.1,,,
57a2192c-f21a-11ee-bb17-fb353e7798cd,Van2,Green,3,2,1692722030,Single Vehicle,V3,Clear,No precipitation,1.2.1,,,
cd11fc28-f21e-11ee-bb1c-fb353e7798cd,Van2,Green,3,2,1692723072,Single Vehicle,V3,Clear,No precipitation,1.2.1,,,
b2f58080-f223-11ee-bb20-fb353e7798cd,Van2,Green,3,2,1692724389,Single Vehicle,V3,Clear,No precipitation,1.2.1,,,
2f2939cc-f228-11ee-bb28-fb353e7798cd,Van2,Green,3,2,1692725685,Single Vehicle,V3,Clear,No precipitation,1.2.1,,,
f6ac3c82-a445-11ee-88ec-eb6a8d5269b4,OUPacifica,,1,,14,,,,,,"80 F, clear, dry",unknown,
45ad3a9a-edb4-11ee-9385-ef789ffde1d3,Van2,Blue,3,2,1692887823,Single Vehicle,V2f,Cloudy,Light Rain,1.2.1,,,
e8a8b2be-edbf-11ee-9385-ef789ffde1d3,Van2,Blue,3,2,1692891046,Single Vehicle,V2f,Cloudy,Light Rain,1.2.1,,,
7613801a-edcb-11ee-9385-ef789ffde1d3,Van2,Blue,3,2,1692896526,Single Vehicle,V2f,Cloudy,Light Rain,1.2.1,,,
3ce8a358-edd8-11ee-9385-ef789ffde1d3,Van2,Blue,3,2,1692900817,Single Vehicle,V2f,Cloudy,Light Rain,1.2.1,,,
3d2d29ec-ef95-11ee-b966-fb353e7798cd,Van1,Red,3,1,1693318866,Single Vehicle,V3,Clear,No precipitation,1.2.1,,,
d3698592-ef9d-11ee-b966-fb353e7798cd,Van1,Red,1,2,1693325330,Single Vehicle,V3,Mostly Cloudy,No precipitation,1.2.1,,,
fd1ab258-efa7-11ee-b966-fb353e7798cd,Van1,Red,3,2,1693332650,Single Vehicle,V3,Mostly Cloudy,No precipitation,1.2.1,,,
8347b862-efad-11ee-b966-fb353e7798cd,Van1,Red,3,2,1693335057,Single Vehicle,V3,Mostly Cloudy,No precipitation,1.2.1,,,
68c289fa-dbd4-11ee-a158-97f8443fd730,Van1,Blue,3,2,1693497944,Single Vehicle,V2f,Partly Cloudy,No precipitation,1.2.2,,,
8c57e8ac-dbec-11ee-a158-97f8443fd730,Van1,Blue,3,2,1693501873,Single Vehicle,V2F,Clear,No precipitation,1.2.2,,,
aa86a660-dc05-11ee-a158-97f8443fd730,Van1,Blue,3,2,1693507789,Single Vehicle,V2f,Clear,No precipitation,1.2.2,,,
69ab88ec-dc17-11ee-a158-97f8443fd730,Van1,Blue,3,2,1693925337,Single Vehicle,V2f,Clear,No precipitation,1.2.2,,,
e2079a78-dc1d-11ee-a158-97f8443fd730,Van1,Blue,3,2,1693927674,Single Vehicle,V2F,Clear,No precipitation,1.2.2,,,
a17c1280-ea10-11ee-b297-3b0ad9d5d6c6,Van1,Blue,3,2,1693930650,Single Vehicle,V2F,Clear,No precipitation,1.2.2,,,
817d6848-efb6-11ee-b966-fb353e7798cd,Van1,Red,3,2,1693934067,Single Vehicle,V3,Partly Cloudy,No precipitation,1.2.2,,,
be857244-efc0-11ee-b966-fb353e7798cd,Van1,Red,3,2,1693936918,Single Vehicle,V3,Partly Cloudy,No precipitation,1.2.2,,,
fc211bb2-efca-11ee-b966-fb353e7798cd,Van1,Red,3,2,1694106141,Map Verification,V4,Partly Cloudy,No precipitation,1.2.2,,,
ed7f2038-ea1e-11ee-b297-3b0ad9d5d6c6,Van1,Blue,3,2,1694110308,Map Verification,V3,Partly Cloudy,No precipitation,1.2.2,,,
58263e34-a45c-11ee-88ec-eb6a8d5269b4,OUPacifica,,2,,7,,,,,,"80 F, clear, dry",ohio_athens_blue_v3,Started left onto Richland Avenue due to default routing. Manual control on most of Court street due to student count and vehicle parking
40706f50-f03b-11ee-b96e-fb353e7798cd,Van1,Green,3,2,1694530022,Map Verification,V4.45,Cloudy,No precipitation,1.2.3,,,
3a7dc9a6-f042-11ee-b974-fb353e7798cd,Van1,Green,3,2,1694532280,Single Vehicle,V4.45,Mostly Cloudy,No precipitation,1.2.3,,,
ece2a8be-f047-11ee-b97d-fb353e7798cd,Van1,Green,3,2,1694533929,Single Vehicle,V4.45,Cloudy,No precipitation,1.2.3,,,
8adb6498-f04d-11ee-b981-fb353e7798cd,Van1,Green,3,2,1694534890,Single Vehicle,V4.45,Cloudy,Rain,1.2.3,,,
3ec95686-f053-11ee-b988-fb353e7798cd,Van1,Green,3,2,1694541382,Single Vehicle,V4.45,Cloudy,No precipitation,1.2.3,,,
cf7148d8-f058-11ee-b98a-fb353e7798cd,Van1,Green,3,2,1694542999,Single Vehicle,V4.45,Cloudy,No precipitation,1.2.3,,,
7f824ea2-f05e-11ee-b993-fb353e7798cd,Van1,Green,3,2,1694544542,Single Vehicle,V4.45,Cloudy,No precipitation,1.2.3,,,
6d2ea45a-c839-11ee-a7fc-dd032dba19e8,OUPacifica,,2,,11,,,,,,"80 F, clear, dry",ohio_athens_red_v4,"Traffic light when turning on to Columbus road not visible, will require manual control until fixed."
20cbfe8c-ea2b-11ee-b297-3b0ad9d5d6c6,Van1,Blue,3,2,1694706909,Map Verification,V3,Clear,No precipitation,1.2.3,,,
3ea96640-ea37-11ee-b297-3b0ad9d5d6c6,Van1,Blue,3,2,1694709875,Single Vehicle,V3,Clear,No precipitation,1.2.3,,,
64875cc0-d054-11ee-9435-f7e542e2436c,Van2,Blue,3,2,1694716007,Single Vehicle,V3,Clear,No precipitation,1.2.3,,,
8b0593cc-cb4e-11ee-909c-e1dc60cf66f9,OUPacifica,,2,,9,,,,,,"80 F, clear, dry",ohio_athens_green_v4.45,"Generally close to right side of road, most manual take overs due to approaching side of road"
57d240d6-ea4d-11ee-b297-3b0ad9d5d6c6,Van1,Blue,3,2,1694719259,Single Vehicle,V3,Clear,No precipitation,1.2.3,,,
c335d84c-a45c-11ee-88ec-eb6a8d5269b4,OUPacifica,,2,,8,,,,,,"80 F, clear, dry",ohio_athens_blue_v3,Started left onto Richland Avenue due to default routing. Manual control on most of Court street due to student count and vehicle parking
01e65360-efd4-11ee-b966-fb353e7798cd,Van1,Red,1,2,1695139554,Single Vehicle,V4,Clear,No precipitation,1.2.3,,,
1b6aca0e-efdf-11ee-b966-fb353e7798cd,Van1,Red,1,2,1695147555,Single Vehicle,V4,Clear,No precipitation,1.2.3,,,
72a03d4a-efe9-11ee-b966-fb353e7798cd,Van1,Red,1,2,1695149842,Single Vehicle,V4,Clear,No precipitation,1.2.3,,,
8fa6fe80-c869-11ee-a7fc-dd032dba19e8,OUPacifica,,2,,12,,,,,,"80 F, clear, dry",ohio_athens_red_v4,"Traffic light when turning on to Columbus road not visible, will require manual control until fixed."
82d39c74-ea59-11ee-b297-3b0ad9d5d6c6,Van1,Blue,1,2,1695308968,Single Vehicle,V3,Clear,No precipitation,1.2.4,,,
b76f33be-ea61-11ee-b297-3b0ad9d5d6c6,Van1,Blue,1,2,1695312076,Single Vehicle,V3,Clear,No precipitation,1.2.4,,,
17876fec-ea66-11ee-b297-3b0ad9d5d6c6,Van1,Blue,1,2,1695314661,Single Vehicle,V3,Clear,No precipitation,1.2.4,,,
5fcc4fd8-ea71-11ee-b297-3b0ad9d5d6c6,Van1,Blue,1,2,1695321688,Single Vehicle,V3,Clear,No precipitation,1.2.4,,,
837fc882-cb5a-11ee-909c-e1dc60cf66f9,OUPacifica,,2,,9,,,,,,"80 F, clear, dry",ohio_athens_green_v4.45,"Generally close to right side of road, most manual take overs due to approaching side of road"
7fb7b9c0-c881-11ee-a7fc-dd032dba19e8,OUPacifica,,2,,15,,,,,,"70 F, cloudy, dry",ohio_athens_red_v4,Several manual takeovers for being near or crossing midline
d1d090d4-ea7c-11ee-b297-3b0ad9d5d6c6,Van1,Blue,3,2,1695912038,Single Vehicle,V3,Cloudy,Rain,1.2.4,,,
36663b02-ea87-11ee-b297-3b0ad9d5d6c6,Van1,Blue,3,2,1695917620,Single Vehicle,V3,Cloudy,No precipitation,1.2.4,,,
04115e66-ea91-11ee-b297-3b0ad9d5d6c6,Van1,Blue,3,2,1695921887,Single Vehicle,V3,Cloudy,No precipitation,1.2.4,,,
25641404-cb66-11ee-909c-e1dc60cf66f9,OUPacifica,,2,,16,,,,,,"70 F, cloudy, dry",ohio_athens_green_v4.45,Generally close to road edge
0f4f0a06-ea98-11ee-b297-3b0ad9d5d6c6,Van1,Blue,3,2,1695928123,Single Vehicle,V3,Mostly Cloudy,No precipitation,1.2.4,,,
5976b77a-a504-11ee-88ec-eb6a8d5269b4,OUPacifica,,2,,17,,,,,,"70 F, cloudy, dry",ohio_athens_blue_v3,Normal blue route issues
2bc6ebb8-a529-11ee-88ec-eb6a8d5269b4,OUPacifica,,2,,18,,,,,,"80 F, clear, dry",ohio_athens_blue_v3,20mph on Court street feels too fast
3151e9e2-eff3-11ee-b966-fb353e7798cd,Van1,Red,3,2,1696344843,Single Vehicle,V4,Clear,No precipitation,1.2.4,,,
f41cbd44-eff8-11ee-b966-fb353e7798cd,Van1,Red,3,2,1696349012,Single Vehicle,V4,Clear,No precipitation,1.2.4,,,
5a4bccf4-effe-11ee-b966-fb353e7798cd,Van1,Red,3,2,1696352389,Single Vehicle,V4,Clear,No precipitation,1.2.4,,,
2f95c748-f009-11ee-b966-fb353e7798cd,Van1,Red,1,2,1696354925,Single Vehicle,V4,Clear,No precipitation,1.2.4,,,
fcc6fcd2-f013-11ee-b966-fb353e7798cd,Van1,Red,1,2,1696357557,Single Vehicle,V4,Clear,No precipitation,1.2.4,,,
51ef6da6-ca9f-11ee-909c-e1dc60cf66f9,OUPacifica,,2,,19,,,,,,"80 F, clear, dry",ohio_athens_red_v4,"Ran route with max speed of 55, too fast on some sections"
14b6bc9c-f064-11ee-b998-fb353e7798cd,Van1,Green,3,2,1696513206,Single Vehicle,V4.45,Cloudy,No precipitation,1.2.4,,,
25e27b86-f06a-11ee-b9a3-fb353e7798cd,Van1,Green,3,2,1696516109,Single Vehicle,V4.45,Cloudy,No precipitation,1.2.4,,,
c2f54552-f06f-11ee-b9a9-fb353e7798cd,Van1,Green,3,1,1696517463,Single Vehicle,V4.45,Cloudy,No precipitation,1.2.4,,,
c4146d46-f074-11ee-b9ac-fb353e7798cd,Van1,Green,3,2,1696527185,Single Vehicle,V4.45,Cloudy,No precipitation,1.2.4,,,
c1b320e2-f079-11ee-b9b0-fb353e7798cd,Van1,Green,3,2,1696528998,Single Vehicle,V4.45,Cloudy,No precipitation,1.2.4,,,
a6539bd2-cb72-11ee-909c-e1dc60cf66f9,OUPacifica,,2,,20,,,,,,"83 F, overcast, dry",ohio_athens_green_v4.35,issues at second stop sign causing harsh breaking when rengaging; van stopped completely before resuming route
ba87f3ec-f07e-11ee-b9b4-fb353e7798cd,Van1,Green,3,2,1696532836,Single Vehicle,V4.45,Cloudy,No precipitation,1.2.4,,,
3d8020aa-cb7f-11ee-909c-e1dc60cf66f9,OUPacifica,,2,,21,,,,,,"83 F, overcast, dry",ohio_athens_green_v4.35,OU van followed TRC; only 1 disengage to allow safety truck space
7f09f6c6-a5b0-11ee-88ec-eb6a8d5269b4,OUPacifica,,2,,22,,,,,,"61 F, partially cloudy, dry roads",ohio_athens_blue_v4,Issues on court street with vehicles parted on side of road
8437f77a-cab7-11ee-909c-e1dc60cf66f9,OUPacifica,,2,,23,,,,,,"61 F, partially cloudy, dry roads",ohio_athens_red_v4,GNSS issues on back half of route causing 1m STD; car cut off safety truck causing manual takeover for safety concerns
cf6fdf3a-eaa3-11ee-b297-3b0ad9d5d6c6,Van1,Blue,3,2,1696956495,Single Vehicle,V3,Clear,No precipitation,1.2.4,,,
f43b6a70-f01e-11ee-b966-fb353e7798cd,Van1,Red,3,2,1696959404,Single Vehicle,V4,Clear,No precipitation,1.2.4,,,
457dc5ee-f02a-11ee-b966-fb353e7798cd,Van1,Red,3,2,1696962630,Single Vehicle,V4,Clear,No precipitation,1.2.4,,,
271fee10-cb8b-11ee-909c-e1dc60cf66f9,OUPacifica,,2,,24,,,,,,"76 F, clear skies, dry road ",ohio_athens_Green_v4.35,only 1 takeover before first stop sign due to high GNSS STD and van nearing edge of road
b31aca98-cb95-11ee-909c-e1dc60cf66f9,OUPacifica,,2,,25,,,,,,"76 F, clear skies, dry road",ohio_athens_Green_v4.35,Didn't detect truck while stationary at around 100ft away; 1 takeover at 2nd stop sign due to truck incident
f671c05c-a5e4-11ee-88ec-eb6a8d5269b4,OUPacifica,,2,,26,,,,,,"54 F, cloudy, dry roads",ohio_athens_blue_v4a,Predicted path of cars making right turn caused van to stop at green light; GNSS issues on back road by plains
853ef120-cad3-11ee-909c-e1dc60cf66f9,OUPacifica,,2,,27,,,,,,"54 F, cloudy, dry roads",ohio_athens_red_v4,Van riding center line of road causing multiple takeovers due to poor GNSS
2a61b8a8-f528-11ee-8afa-cb629b0d53e6,Van2,Red,3,2,1697559721,Single Vehicle,V4,Mostly Cloudy,No precipitation,1.2.4,,,
41b67a28-f52f-11ee-8afa-cb629b0d53e6,Van2,Red,3,2,1697562875,Single Vehicle,V4,Mostly Cloudy,No precipitation,1.2.4,,,
fe973c9c-f53c-11ee-8afa-cb629b0d53e6,Van2,Red,3,2,1697569600,Single Vehicle,V4,Mostly Cloudy,No precipitation,1.2.4,,,
96f7a614-f549-11ee-8afa-cb629b0d53e6,Van2,Red,3,2,1697572375,Single Vehicle,V4,Mostly Cloudy,No precipitation,1.2.4,,,
90101c36-a621-11ee-88ec-eb6a8d5269b4,OUPacifica,,2,,28,,,,,,"61 F, Mostly Cloudy, Dry Road",ohio_athens_Blue_v4a,Crashed uptown after or during manual takeover for vehicle pulling out of parking in front of van. 
d12cd1c4-caec-11ee-909c-e1dc60cf66f9,OUPacifica,,2,,29,,,,,,"61 F, Mostly Cloudy, dry road",ohio_athens_Red_v4,Followed by state trooper for almost half of route that pulled between safety vehicle and van. Manual takeover due to tailgating from trooper vehicle
aef91c4a-ede5-11ee-9385-ef789ffde1d3,Van2,Blue,3,2,1697724037,Single Vehicle,V3,Cloudy,No precipitation,1.2.4,,,
513a670c-eea9-11ee-9385-ef789ffde1d3,Van2,Blue,3,2,1697730205,Single Vehicle,V3,Mostly Cloudy,No precipitation,1.2.4,,,
ed352100-cba0-11ee-909c-e1dc60cf66f9,OUPacifica,,2,,30,,,,,,"69 F, Cloudy, Dry road",ohio_athens_green_v4.35,No Takeovers
072ef896-cbac-11ee-909c-e1dc60cf66f9,OUPacifica,,2,,31,,,,,,"69 F, Cloudy, Dry road",ohio_athens_green_v4.35,takeovers due to van riding edge of road
559495ca-d270-11ee-b437-336917683bb8,OUPacifica,,2,,32,,,,,,"65 F, clear, dry roads",ohio_athens_blue_v4a,"Best court street run so far, had to take over for semi taking up road on third stop light"
c338788a-d324-11ee-b437-336917683bb8,OUPacifica,,2,,33,,,,,,"65 F, Clear, Dry Roads",ohio_athens_red_v4,"Normal red route problems, driving too close to edgeline"
621c07b8-eaaf-11ee-b297-3b0ad9d5d6c6,Van1,Blue,1,2,1698160509,Single Vehicle Shadow Mode,V3,Clear,No precipitation,1.2.4,,,
6458c26e-eab9-11ee-b297-3b0ad9d5d6c6,Van1,Blue,1,2,1698164674,Single Vehicle Shadow Mode,V3,Clear,No precipitation,1.2.4,,,
81acf35c-eac4-11ee-b297-3b0ad9d5d6c6,Van1,Blue,1,2,1698167491,Single Vehicle Shadow Mode,V3,Clear,No precipitation,1.2.4,,,
baec243e-eacf-11ee-b297-3b0ad9d5d6c6,Van1,Blue,1,2,1698169490,Single Vehicle Shadow Mode,V3,Clear,No precipitation,1.2.4,,,
feaf2ba8-d28d-11ee-b437-336917683bb8,OUPacifica,,2,,34,,,,,,"71 F, partly cloudy, dry road",ohio_athens_Blue_v4a,682 and union turn too wide
c9c6856c-d33c-11ee-b437-336917683bb8,OUPacifica,,2,,35,,,,,,"71 F, partly cloudy, dry road",ohio_athens_red_v4,"first light not visible, takeovers due to riding edge of lane"
787f70da-f036-11ee-b966-fb353e7798cd,Van1,Red,3,2,1698334427,Single Vehicle Shadow Mode,V4,Cloudy,No precipitation,1.2.4,,,
6daff50c-f041-11ee-b972-fb353e7798cd,Van1,Red,2,1,1698336678,Single Vehicle Shadow Mode,Red,Mostly Cloudy,No precipitation,1.2.4,,,
23a7aa3e-f048-11ee-b97d-fb353e7798cd,Van1,Red,2,1,1698339871,Single Vehicle Shadow Mode,V4,Partly Cloudy,No precipitation,1.2.4,,,
ef63db62-f051-11ee-b986-fb353e7798cd,Van1,Red,2,1,1698341985,Single Vehicle Shadow Mode,V4,Partly Cloudy,No precipitation,1.2.4,,,
48021fe0-f05c-11ee-b992-fb353e7798cd,Van1,Red,2,1,1698344425,Single Vehicle Shadow Mode,V4,Mostly Cloudy,No precipitation,1.2.4,,,
3c415ade-d353-11ee-b437-336917683bb8,OUPacifica,,2,,36,,,,,,"73 F, Scattered clouds, dry roads",ohio_athens_green_v4.35,no takeover
88b0613a-d35d-11ee-b437-336917683bb8,OUPacifica,,2,,37,,,,,,"72 F, Scattered clouds, dry roads",ohio_athens_green_v4.35,no takeover
05d0240e-eadb-11ee-b297-3b0ad9d5d6c6,Van1,Blue,3,2,1698766201,Single Vehicle Shadow Mode,V3,Partly Cloudy,No precipitation,1.2.4,,,
d54c11ca-eae5-11ee-b297-3b0ad9d5d6c6,Van1,Blue,3,2,1698770052,Single Vehicle Shadow Mode,V3,Mostly Cloudy,No precipitation,1.2.4,,,
23765aa8-eaf1-11ee-b297-3b0ad9d5d6c6,Van1,Blue,3,2,1698773934,Single Vehicle Shadow Mode,V3,Mostly Cloudy,No precipitation,1.2.4,,,
f93290be-eafe-11ee-b297-3b0ad9d5d6c6,Van1,Blue,3,2,1698778736,Single Vehicle Shadow Mode,V3,Mostly Cloudy,No precipitation,1.2.4,,,
bb52690a-f066-11ee-b99e-fb353e7798cd,Van1,Red,3,2,1698781194,Single Vehicle Shadow Mode,V4,Partly Cloudy,No precipitation,1.2.4,,,
879e3fa2-f085-11ee-b9bd-fb353e7798cd,Van1,Green,3,2,1698939039,Single Vehicle Shadow Mode,V4.45,Partly Cloudy,No precipitation,1.2.4,,,
a2ed8b42-f089-11ee-b9c3-fb353e7798cd,Van1,Green,3,2,1698940788,Single Vehicle Shadow Mode,V4.45,Partly Cloudy,No precipitation,1.2.4,,,
b6227b56-f08d-11ee-b9c9-fb353e7798cd,Van1,Green,3,3,1698942399,Map Verification,V4.45r,Partly Cloudy,No precipitation,1.2.4,,,
d1a3a310-f091-11ee-b9ce-fb353e7798cd,Van1,Green,3,2,1698944496,Pre-deployment,V4.45,Clear,No precipitation,1.2.4,,,
878e1a02-f092-11ee-b9cf-fb353e7798cd,Van1,Green,3,2,1698945333,Map Verification,V4.45,Clear,No precipitation,1.2.4,,,
e640cf0a-f096-11ee-b9d5-fb353e7798cd,Van1,Green,3,2,1698949425,Single Vehicle Shadow Mode,4.45,Clear,No precipitation,1.2.4,,,
079f0d30-eb09-11ee-b297-3b0ad9d5d6c6,Van1,Blue,3,2,1699373131,Single Vehicle Shadow Mode,V3,Mostly Cloudy,No precipitation,1.2.4,,,
bcf44e58-eb0d-11ee-b297-3b0ad9d5d6c6,Van1,Blue,3,2,1699377156,Single Vehicle Shadow Mode,V3,Mostly Cloudy,No precipitation,1.2.4,,,
e9e14d3a-eb17-11ee-b297-3b0ad9d5d6c6,Van1,Blue,3,2,1699379931,Single Vehicle Shadow Mode,V3,Partly Cloudy,No precipitation,1.2.4,,,
599673dc-f070-11ee-b9a9-fb353e7798cd,Van1,Red,3,2,1699382954,Single Vehicle Shadow Mode,V4,Clear,No precipitation,1.2.4,,,
26af7004-f07a-11ee-b9b2-fb353e7798cd,Van1,Red,3,2,1699385598,Single Vehicle Shadow Mode,V4,Clear,No precipitation,1.2.4,,,
5230b9be-f083-11ee-b9b8-fb353e7798cd,Van1,Red,3,2,1699388000,Single Vehicle Shadow Mode,V4,Clear,No precipitation,1.2.4,,,
31b48540-f09b-11ee-b9da-fb353e7798cd,Van1,Green,3,2,1699545317,Single Vehicle Shadow Mode,V4.45,Mostly Cloudy,No precipitation,1.2.4,,,
2c8690b4-f09f-11ee-b9de-fb353e7798cd,Van1,Green,3,2,1699546813,Single Vehicle Shadow Mode,V4.45,Mostly Cloudy,No precipitation,1.2.4,,,
00ff88b6-f0a3-11ee-b9e3-fb353e7798cd,Van1,Green,3,2,1699548107,Single Vehicle Shadow Mode,V4.45,Mostly Cloudy,No precipitation,1.2.4,,,
900701bc-f0a6-11ee-b9e4-fb353e7798cd,Van1,Green,3,2,1699549402,Single Vehicle Shadow Mode,V4.45,Partly Cloudy,No precipitation,1.2.4,,,
41cd65b4-f0aa-11ee-b9e8-fb353e7798cd,Van1,Green,3,2,1699550517,Single Vehicle Shadow Mode,V4.45,Partly Cloudy,No precipitation,1.2.4,,,
b2bfb60c-f0ad-11ee-b9ea-fb353e7798cd,Van1,Green,3,2,1699555006,Single Vehicle Shadow Mode,V4.45,Partly Cloudy,No precipitation,1.2.4,,,
7aa336e6-f0b1-11ee-b9ed-fb353e7798cd,Van1,Green,3,2,1699556353,Single Vehicle Shadow Mode,V4.45,Partly Cloudy,No precipitation,1.2.4,,,
56b8baa4-f0b5-11ee-b9f0-fb353e7798cd,Van1,Green,3,2,1699557214,Single Vehicle Shadow Mode,V4.45,Partly Cloudy,No precipitation,1.2.4,,,
471890c0-f0b9-11ee-b9f5-fb353e7798cd,Van1,Green,3,4,1699981669,Map Verification,V4.35,Clear,No precipitation,1.2.4,,,
6c415180-f0bd-11ee-b9fa-fb353e7798cd,Van1,Green,3,4,1699983214,Map Verification,V4.35,Clear,No precipitation,1.2.4,,,
3b6d2a5c-f0c2-11ee-ba01-fb353e7798cd,Van1,Green,3,4,1699984623,Map Verification,V4.35,Clear,No precipitation,1.2.4,,,
781c0bcc-eb21-11ee-b297-3b0ad9d5d6c6,Van1,Blue,2,4,1699990938,Single Vehicle Shadow Mode,V3,Clear,No precipitation,1.2.4,,,
593d4b54-d0a9-11ee-9435-f7e542e2436c,Van1,Blue,3,4,1699993490,Single Vehicle Shadow Mode,V3,Clear,No precipitation,1.2.4,,,
4bbe3c64-f088-11ee-b9c3-fb353e7798cd,Van1,Red,3,4,1700151609,Single Vehicle Shadow Mode,V4,Clear,No precipitation,1.2.4,,,
5c2ad8ec-f08c-11ee-b9c8-fb353e7798cd,Van1,Red,3,4,1700154305,Single Vehicle Shadow Mode,V4,Clear,No precipitation,1.2.4,,,
6c5f7416-f096-11ee-b9d4-fb353e7798cd,Van1,Red,3,4,1700157378,Single Vehicle Shadow Mode,V4,Clear,No precipitation,1.2.4,,,
ede139be-f098-11ee-b9d8-fb353e7798cd,Van1,Red,3,4,1700159117,Single Vehicle Shadow Mode,V4,Partly Cloudy,No precipitation,1.2.4,,,
dbff355c-f0a2-11ee-b9e3-fb353e7798cd,Van1,Red,3,4,1700163302,Single Vehicle Shadow Mode,V4,Clear,No precipitation,1.2.4,,,
d4b936f6-eb36-11ee-b297-3b0ad9d5d6c6,Van1,Blue,3,4,1700496073,Single Vehicle Shadow Mode,V3,Cloudy,No precipitation,1.2.4,,,
cc0299e6-eb3e-11ee-b297-3b0ad9d5d6c6,Van1,Blue,3,4,1700501626,Single Vehicle Shadow Mode,V3,Cloudy,No precipitation,1.2.4,,,
60c57e4e-eb4a-11ee-b297-3b0ad9d5d6c6,Van1,Blue,3,4,1700504139,Single Vehicle Shadow Mode,V3,Cloudy,No precipitation,1.2.4,,,
54a02cb8-eb4f-11ee-b297-3b0ad9d5d6c6,Van1,Blue,3,4,1700511459,Single Vehicle Shadow Mode,V3,Cloudy,No precipitation,1.2.4,,,
eb22edf4-f0ab-11ee-b9e9-fb353e7798cd,Van1,Red,3,4,1700582322,Single Vehicle Shadow Mode,V4,Cloudy,No precipitation,1.2.4,,,
d1d69a76-f0b5-11ee-b9f0-fb353e7798cd,Van1,Red,3,4,1700584695,Single Vehicle Shadow Mode,V4,Cloudy,Rain,1.2.4,,,
906d3c4e-f0be-11ee-b9fb-fb353e7798cd,Van1,Red,3,4,1700586898,Single Vehicle Shadow Mode,V4,Cloudy,Rain,1.2.4,,,
2bb03aaa-f0c7-11ee-ba06-fb353e7798cd,Van1,Red,3,4,1700592077,Single Vehicle Shadow Mode,V4,Cloudy,Light Rain,1.2.4,,,
a437811e-ccf4-11ee-9435-f7e542e2436c,Van2,Green,3,4,1701070980,Single Vehicle Shadow Mode,V4.45,Cloudy,No precipitation,1.2.4,,,
fe729430-f232-11ee-bb32-fb353e7798cd,Van2,Green,3,4,1701192784,Single Vehicle,V4.45,Cloudy,No precipitation,1.2.4,,,
4cf81634-f238-11ee-bb34-fb353e7798cd,Van2,Green,3,2,1701194185,Pre-deployment,V4.45,Mostly Cloudy,No precipitation,1.2.4,,,
e9a1d768-f23d-11ee-bb39-fb353e7798cd,Van2,Green,3,2,1701195386,Single Vehicle,V4.45,Mostly Cloudy,Flurries,1.2.4,,,
f8fd0fd8-f243-11ee-bb3f-fb353e7798cd,Van2,Green,3,2,1701196779,Single Vehicle,V4.45,Mostly Cloudy,No precipitation,1.2.4,,,
58d78342-f24a-11ee-bb45-fb353e7798cd,Van2,Green,3,2,1701198151,Single Vehicle,V4.45,Mostly Cloudy,No precipitation,1.2.4,,,
25135418-f250-11ee-bb4a-fb353e7798cd,Van2,Green,3,2,1701199673,Single Vehicle,V4.45,Mostly Cloudy,No precipitation,1.2.4,,,
cbdc93f4-f255-11ee-bb4e-fb353e7798cd,Van2,Green,3,2,1701203037,Single Vehicle,V4.45,Mostly Cloudy,No precipitation,1.2.4,,,
de226278-f25a-11ee-bb4e-fb353e7798cd,Van2,Green,3,2,1701204159,Single Vehicle,V4.45,Cloudy,No precipitation,1.2.4,,,
81a5a96e-f0c6-11ee-ba06-fb353e7798cd,Van1,Green,3,4,1701360201,Pre-deployment,V4.45,Clear,No precipitation,1.2.4,,,
8be24d52-f0ca-11ee-ba0a-fb353e7798cd,Van1,Green,3,4,1701363998,Pre-deployment,V4.45,Partly Cloudy,No precipitation,1.2.4,,,
ba80ba8c-f0ce-11ee-ba0d-fb353e7798cd,Van1,Green,3,4,1701366125,Pre-deployment,V4.45,Partly Cloudy,No precipitation,1.2.4,,,
240ebe64-f0d3-11ee-ba14-fb353e7798cd,Van1,Green,3,4,1701370372,Pre-deployment,V4.45,Partly Cloudy,No precipitation,1.2.4,,,
b3ee0dd8-f0d7-11ee-ba18-fb353e7798cd,Van1,Green,3,2,1701371909,Single Vehicle,V4.45,Partly Cloudy,No precipitation,1.2.4,,,
70060810-eb59-11ee-b297-3b0ad9d5d6c6,Van1,Blue,1,4,1701803039,Single Vehicle,V3,Cloudy,Light Rain,1.3.1,,,
dd72fdec-f0cf-11ee-ba0d-fb353e7798cd,Van1,Red,1,4,1701805296,Single Vehicle,V4,Cloudy,Light Rain,1.3.1,,,
211bdb36-f0da-11ee-ba1b-fb353e7798cd,Van1,Red,3,2,1701966113,Single Vehicle,V4,Clear,No precipitation,1.3.1,,,
f0eebb6a-f0dc-11ee-ba1e-fb353e7798cd,Van1,Red,3,2,1701968804,Single Vehicle,V4,Clear,No precipitation,1.3.1,,,
1f70a4f0-f0e0-11ee-ba1e-fb353e7798cd,Van1,Red,3,2,1701972261,Single Vehicle,V4,Clear,No precipitation,1.3.1,,,
f711e68e-f0e1-11ee-ba1f-fb353e7798cd,Van1,Red,3,2,1701976116,Single Vehicle,V4,Clear,No precipitation,1.3.1,,,
622bd2e8-f0e4-11ee-ba1f-fb353e7798cd,Van1,Red,3,2,1701978705,Single Vehicle,V4,Clear,No precipitation,1.3.1,,,
7d27535e-f0e6-11ee-ba21-fb353e7798cd,Van1,Red,3,4,1702313267,Single Vehicle,V4,Cloudy,No precipitation,1.3.1,,,
8dbbbf1c-f0ef-11ee-ba29-fb353e7798cd,Van1,Red,3,2,1702315919,Single Vehicle,V4,Cloudy,No precipitation,1.3.1,,,
d21965e6-f0fa-11ee-ba37-fb353e7798cd,Van1,Red,3,2,1702320124,Single Vehicle,V4,Cloudy,No precipitation,1.3.1,,,
80340ab8-d054-11ee-9435-f7e542e2436c,Van1,Blue,3,2,1702323716,Single Vehicle,V3,Cloudy,No precipitation,1.3.1,,,
171c50bc-f106-11ee-ba42-fb353e7798cd,Van1,Red,1,2,1702483621,Single Vehicle,V4,Clear,No precipitation,1.3.2,,,
de933de8-f112-11ee-ba4d-fb353e7798cd,Van1,Red,1,2,1702486677,Single Vehicle,V4,Clear,No precipitation,1.3.2,,,
fc119dfc-eb67-11ee-b297-3b0ad9d5d6c6,Van1,Blue,1,2,1702490730,Single Vehicle,V3,Partly Cloudy,No precipitation,1.3.2,,,
75f83e28-eb77-11ee-b297-3b0ad9d5d6c6,Van1,Red,3,2,1702493648,Single Vehicle,V3,Clear,No precipitation,1.3.2,,,
3343fd3c-eb87-11ee-b297-3b0ad9d5d6c6,Van1,Blue,3,2,1702919336,Single Vehicle,3,Cloudy,Flurries,1.3.3,,,
64bbe8e0-eb94-11ee-b297-3b0ad9d5d6c6,Van1,Blue,3,2,1702922788,Single Vehicle,V3,Mostly Cloudy,No precipitation,1.3.3,,,
2d35c522-eba2-11ee-b297-3b0ad9d5d6c6,Van1,Blue,3,2,1702924975,Single Vehicle,V3,Mostly Cloudy,No precipitation,1.3.3,,,
af10e22a-ebb1-11ee-b297-3b0ad9d5d6c6,Van1,Blue,3,2,1702928477,Single Vehicle,V3,Mostly Cloudy,No precipitation,1.3.3,,,
a7c98b32-ebc2-11ee-b297-3b0ad9d5d6c6,Van1,Blue,3,2,1702930497,Single Vehicle,v3,Mostly Cloudy,No precipitation,1.3.3,,,
c8f54ac0-ebd2-11ee-b297-3b0ad9d5d6c6,Van1,Blue,3,2,1703009435,Single Vehicle,V3,Cloudy,No precipitation,1.3.3,,,
c7c02bda-ebe0-11ee-b297-3b0ad9d5d6c6,Van1,Blue,3,2,1703011826,Single Vehicle,V3,Cloudy,No precipitation,1.3.3,,,
7228e03a-ebf0-11ee-b297-3b0ad9d5d6c6,Van1,Blue,3,2,1703014351,Single Vehicle,V3,Cloudy,No precipitation,1.3.3,,,
21376e38-ec01-11ee-b297-3b0ad9d5d6c6,Van1,Blue,3,2,1703017128,Single Vehicle,V3,Cloudy,No precipitation,1.3.3,,,
b224ef9c-ec10-11ee-b297-3b0ad9d5d6c6,Van1,Blue,3,2,1703607716,Single Vehicle,V3,Cloudy,No precipitation,1.3.3,,,
04151804-ec20-11ee-b297-3b0ad9d5d6c6,Van1,Blue,3,2,1703610587,Single Vehicle,V3,Cloudy,No precipitation,1.3.3,,,
5240e750-ec30-11ee-b297-3b0ad9d5d6c6,Van1,Blue,3,2,1703614799,Single Vehicle,V3,Cloudy,No precipitation,1.3.3,,,
e9d67bf2-ec35-11ee-b297-3b0ad9d5d6c6,Van1,Blue,3,5,1703617396,Single Vehicle,V3,Cloudy,No precipitation,1.3.3,,,
cb205756-ec43-11ee-b297-3b0ad9d5d6c6,Van1,Blue,3,5,1703619711,Single Vehicle,V3,Cloudy,Rain,1.3.3,,,
9189a2a8-f121-11ee-ba5b-fb353e7798cd,Van1,Red,3,2,1703622416,Single Vehicle,V4,Cloudy,Light Rain,1.3.3,,,
df8e3742-ec54-11ee-b297-3b0ad9d5d6c6,Van1,Blue,2,3,1703694198,Single Vehicle,V3,Cloudy,No precipitation,1.3.3,,,
20f0b890-ec64-11ee-b297-3b0ad9d5d6c6,Van1,Blue,3,5,1703696204,Single Vehicle,V3,Cloudy,No precipitation,1.3.3,,,
4d0254fc-ec73-11ee-b297-3b0ad9d5d6c6,Van1,Blue,3,5,1703699571,Single Vehicle,V3,Cloudy,No precipitation,1.3.3,,,
bbbd0cc6-f0dc-11ee-ba1e-fb353e7798cd,Van1,Green,3,2,1703705713,Single Vehicle,V4.45,Cloudy,No precipitation,1.3.3,,,
c9be2042-f0de-11ee-ba1e-fb353e7798cd,Van1,Green,3,2,1703706755,Single Vehicle,V4.45,Cloudy,Light Rain,1.3.3,,,
044d976e-f0e5-11ee-ba20-fb353e7798cd,Van1,Green,3,2,1703708166,Single Vehicle,V4.45,Cloudy,Light Rain,1.3.3,,,
3d2a80f0-ec81-11ee-b297-3b0ad9d5d6c6,Van1,Blue,3,2,1704388641,Single Vehicle,V3,Partly Cloudy,No precipitation,1.3.3,,,
ba28b352-ec8f-11ee-b297-3b0ad9d5d6c6,Van1,Blue,3,1,1704392147,Single Vehicle,V3,Partly Cloudy,No precipitation,1.3.3,,,
6d62da08-ec9d-11ee-b297-3b0ad9d5d6c6,Van1,Blue,3,1,1704397657,Single Vehicle,V3,Partly Cloudy,No precipitation,1.3.3,,,
71a18322-ecab-11ee-b297-3b0ad9d5d6c6,Van1,Blue,3,1,1704400698,Single Vehicle,V3,Partly Cloudy,No precipitation,1.3.3,,,
25d3bdc8-ecbc-11ee-b297-3b0ad9d5d6c6,Van1,Blue,3,2,1704478339,Single Vehicle,V3,Partly Cloudy,No precipitation,1.3.3,,,
3441fc36-ecca-11ee-b297-3b0ad9d5d6c6,Van1,Blue,3,2,1704481104,Single Vehicle,V3,Partly Cloudy,No precipitation,1.3.3,,,
326699c2-ecd8-11ee-b297-3b0ad9d5d6c6,Van1,Blue,3,1,1704485004,Single Vehicle,V3,Partly Cloudy,No precipitation,1.3.3,,,
f9c5e53e-f0ea-11ee-ba28-fb353e7798cd,Van1,Green,3,2,1704816453,Single Vehicle,V4.45,Cloudy,Light Rain,1.3.3,,,
fa9cba86-f0f0-11ee-ba2a-fb353e7798cd,Van1,Green,3,2,1704819494,Single Vehicle,V4.45,Cloudy,Rain,1.3.3,,,
53fad09e-f0f7-11ee-ba2f-fb353e7798cd,Van1,Green,3,2,1704820960,Single Vehicle,V4.45,Cloudy,Rain,1.3.3,,,
a901fe40-f0fd-11ee-ba39-fb353e7798cd,Van1,Green,3,5,1704822214,Single Vehicle,V4.45,Cloudy,Rain,1.3.3,,,
961fd9cc-f103-11ee-ba3f-fb353e7798cd,Van1,Green,3,5,1704824055,Single Vehicle,V4.45,Cloudy,Rain,1.3.3,,,
bb4d37d4-f109-11ee-ba46-fb353e7798cd,Van1,Green,3,5,1704825423,Single Vehicle,V4.45,Cloudy,Rain,1.3.3,,,
de493be2-f10f-11ee-ba4b-fb353e7798cd,Van1,Green,3,5,1704826706,Multi-vehicle,V4.45,Cloudy,Rain,1.3.3,,,
721a9830-ece6-11ee-b297-3b0ad9d5d6c6,Van1,Blue,3,2,1704992559,Single Vehicle,V3,Partly Cloudy,No precipitation,1.3.3,,,
acd71bc0-ecf4-11ee-9385-ef789ffde1d3,Van1,Blue,3,5,1704995743,Single Vehicle,V3,Clear,No precipitation,1.3.3,,,
d62ee6e8-ed02-11ee-9385-ef789ffde1d3,Van1,Blue,3,5,1704998893,Single Vehicle,V3,Clear,No precipitation,1.3.3,,,
f755cf60-f132-11ee-ba6d-fb353e7798cd,Van1,Red,3,5,1705002245,Single Vehicle,V4,Clear,No precipitation,1.3.3,,,
9798fe24-f143-11ee-ba78-fb353e7798cd,Van1,Red,3,2,1705597804,Single Vehicle,V4,Cloudy,No precipitation,1.3.3,,,
35518ec4-f153-11ee-ba88-fb353e7798cd,Van1,Red,3,2,1705601263,Single Vehicle,V4,Cloudy,No precipitation,1.3.3,,,
ecebb942-f162-11ee-ba97-fb353e7798cd,Van1,Red,3,2,1705604430,Single Vehicle,V4,Cloudy,No precipitation,1.3.3,,,
1ee938a2-f172-11ee-baa6-fb353e7798cd,Van1,Red,3,2,1705607337,Single Vehicle,V4,Cloudy,No precipitation,1.3.3,,,
d846a080-f115-11ee-ba51-fb353e7798cd,Van1,Green,3,0,1705940333,Single Vehicle,V4.45,Mostly Cloudy,No precipitation,1.3.3,,,
d454c586-f11c-11ee-ba55-fb353e7798cd,Van1,Green,3,0,1705941565,Single Vehicle,V4.45,Mostly Cloudy,No precipitation,1.3.3,,,
dea29156-f123-11ee-ba5d-fb353e7798cd,Van1,Green,3,0,1705943004,Single Vehicle,V4.45,Mostly Cloudy,No precipitation,1.3.3,,,
7e3d64da-f12d-11ee-ba68-fb353e7798cd,Van1,Green,3,0,1705944425,Single Vehicle,V4.45,Partly Cloudy,No precipitation,1.3.3,,,
848e44a6-f134-11ee-ba6d-fb353e7798cd,Van1,Green,3,0,1705947271,Single Vehicle,V4.45,Partly Cloudy,No precipitation,1.3.3,,,
a253145a-d2a6-11ee-b437-336917683bb8,OUPacifica,,2,,38,,,,,,"40 F, partly cloudly, dry roads",ohio_athens_blue_v4a,"delayed path on courtstreet, fixed on west union"
787d9684-d2c2-11ee-b437-336917683bb8,OUPacifica,,2,,39,,,,,,"40 F, partly cloudly, dry roads",ohio_athens_blue_v4a,Court street cars parked too close to van path causing takovers
38ac9526-f182-11ee-bab0-fb353e7798cd,Van1,Red,3,1,1706034392,Multi-vehicle (This Shadow-Mode),V4,Cloudy,Light Rain,1.3.3,,,
6f5b3612-f18d-11ee-bab8-fb353e7798cd,Van1,Red,3,1,1706036892,Multi-vehicle (This Shadow-Mode),V4,Cloudy,Light Rain,1.3.3,,,
d24820c8-f197-11ee-babe-fb353e7798cd,Van1,Red,3,1,1706039562,Multi-vehicle (This Auto-Mode),V4,Cloudy,Light Rain,1.3.3,,,
606347dc-ed12-11ee-9385-ef789ffde1d3,Van1,Blue,3,2,1706202501,Single Vehicle Shadow-Mode,V3,Cloudy,Light Rain,1.3.3,,,
6f887868-ed21-11ee-9385-ef789ffde1d3,Van1,Blue,3,3,1706207953,Single Vehicle Shadow-Mode,V3,Cloudy,Light Rain,1.3.3,,,
5c7a9ab2-f13b-11ee-ba72-fb353e7798cd,Van1,Green,3,2,1706214692,Single Vehicle,V4.45,Cloudy,Light Rain,1.3.3,,,
9830d896-d2dc-11ee-b437-336917683bb8,OUPacifica,,2,,40,,,,,,"57 F, cloudy, dry roads",ohio_athens_blue_v4a,"takeover on courtstreet due to car parallel parking, construction on west union"
286c70cc-d2f7-11ee-b437-336917683bb8,OUPacifica,,2,,41,,,,,,"57 F, cloudy, dry roads",ohio_athens_blue_v4a,"takeover on courtstreet due exiting parked car, construction on west union"
bf518644-f1a6-11ee-bac9-fb353e7798cd,Van1,Red,3,2,1706545355,Single Vehicle Shadow-Mode,V4,Cloudy,No precipitation,1.3.3,,,
3950298e-f1b4-11ee-bad3-fb353e7798cd,Van1,Red,3,2,1706548054,Single Vehicle Shadow-Mode,V4,Cloudy,No precipitation,1.3.3,,,
cccc7d32-f1c0-11ee-bada-fb353e7798cd,Van1,Red,3,2,1706550569,Single Vehicle Shadow-Mode,V4,Cloudy,No precipitation,1.3.3,,,
a6895b74-f1cd-11ee-bae2-fb353e7798cd,Van1,Red,3,2,1706553667,Single Vehicle Shadow-Mode,V4,Cloudy,No precipitation,1.3.3,,,
61b4e416-f1da-11ee-bae8-fb353e7798cd,Van1,Red,3,2,1706556253,Single Vehicle Shadow-Mode,V4,Cloudy,No precipitation,1.3.3,,,
fc1e1b6a-f1e6-11ee-baf6-fb353e7798cd,Van1,Red,3,2,1706557888,Single Vehicle Shadow-Mode,V4,Cloudy,No precipitation,1.3.3,,,
a231c0b0-f142-11ee-ba76-fb353e7798cd,Van1,Green,3,2,1706628644,Single Vehicle,V4.45,Cloudy,No precipitation,1.3.3,,,
8e5c4fc2-f149-11ee-ba7f-fb353e7798cd,Van1,Green,3,5,1706630134,Single Vehicle,V4.45,Cloudy,No precipitation,1.3.3,,,
73bc30cc-f150-11ee-ba84-fb353e7798cd,Van1,Green,3,5,1706631389,Single Vehicle,V4.45,Cloudy,No precipitation,1.3.3,,,
4c88757c-f157-11ee-ba89-fb353e7798cd,Van1,Green,3,5,1706632676,Single Vehicle,V4.45,Cloudy,No precipitation,1.3.3,,,
f570c51c-f15d-11ee-ba91-fb353e7798cd,Van1,Green,3,5,1706633907,Single Vehicle,V4.45,Cloudy,No precipitation,1.3.3,,,
d7cb9c92-f164-11ee-ba97-fb353e7798cd,Van1,Green,3,5,1706635174,Single Vehicle,V4.45,Cloudy,No precipitation,1.3.3,,,
bf9157f0-f16b-11ee-ba9e-fb353e7798cd,Van1,Green,3,5,1706636440,Single Vehicle,V4.45,Cloudy,No precipitation,1.3.3,,,
9df14b4e-f172-11ee-baa6-fb353e7798cd,Van1,Green,3,5,1706637801,Single Vehicle,V4.45,Cloudy,No precipitation,1.3.3,,,
c59a54e0-f179-11ee-baab-fb353e7798cd,Van1,Green,3,5,1706639125,Single Vehicle,V4.45,Cloudy,No precipitation,1.3.3,,,
c14299be-f180-11ee-bab0-fb353e7798cd,Van1,Green,3,5,1706640013,Single Vehicle,V4.45,Cloudy,No precipitation,1.3.3,,,
b82476fe-f1f3-11ee-baff-fb353e7798cd,Van1,Red,3,2,1706801495,Single Vehicle,V4,Clear,No precipitation,1.3.3,,,
286e019a-f204-11ee-bb07-fb353e7798cd,Van1,Red,3,5,1706804718,Single Vehicle,V4,Clear,No precipitation,1.3.3,,,
84d96f18-f214-11ee-bb13-fb353e7798cd,Van1,Red,3,5,1706807891,Single Vehicle,V4,Clear,No precipitation,1.3.3,,,
88dd6fbe-f224-11ee-bb21-fb353e7798cd,Van1,Red,3,5,1706812641,Single Vehicle,V4,Clear,No precipitation,1.3.3,,,
61b12e7a-f234-11ee-bb33-fb353e7798cd,Van1,Red,3,5,1706815415,Single Vehicle,V4,Clear,No precipitation,1.3.3,,,
64737d98-d312-11ee-b437-336917683bb8,OUPacifica,,2,,42,,,,,,"49 F, mostly cloudy, dry roads",ohio_athens_blue_v4a,"planning error for first quarter of run 'No reference line', planning error cleared at stoplight by railroad"
5f6573ba-ed2f-11ee-9385-ef789ffde1d3,Van1,Blue,3,2,1707236839,Multi-vehicle (This Auto-Mode),V3,Clear,No precipitation,1.3.3,,,
7cbd932e-f244-11ee-bb3f-fb353e7798cd,Van1,Red,3,2,1707248494,Multi-vehicle,V4,Clear,No precipitation,1.3.3,,,
cf831f42-f353-11ee-bb4e-fb353e7798cd,Van1,Red,3,2,1707412240,Single Vehicle,V4,Partly Cloudy,No precipitation,1.3.3,,,
43a1a35e-f362-11ee-bb4e-fb353e7798cd,Van1,Red,3,2,1707415174,Single Vehicle,V4,Partly Cloudy,No precipitation,1.3.3,,,
bfde2aec-f370-11ee-bb4e-fb353e7798cd,Van1,Red,3,2,1707418071,Multi-vehicle (This Shadow-Mode),V4,Partly Cloudy,No precipitation,1.3.3,,,
0b72a836-f37e-11ee-bb4e-fb353e7798cd,Van1,Red,3,2,1707420345,Multi-vehicle (This Shadow-Mode),V4,Partly Cloudy,No precipitation,1.3.3,,,
662741a4-f38a-11ee-bb4e-fb353e7798cd,Van1,Red,3,2,1707422085,Multi-vehicle (This Shadow-Mode),V4,Partly Cloudy,No precipitation,1.3.3,,,
65cfbfd6-f396-11ee-bb4e-fb353e7798cd,Van1,Red,1,2,1708011504,Single Vehicle,V4,Partly Cloudy,No precipitation,1.3.3,,,
c25271be-f3a4-11ee-bb4e-fb353e7798cd,Van1,Red,1,5,1708015127,Multi-vehicle (This Auto-Mode),V4,Partly Cloudy,No precipitation,1.3.3,,,
868de15e-f3b3-11ee-bb4e-fb353e7798cd,Van1,Red,1,5,1708024622,Single Vehicle,V4,Cloudy,Light Rain,1.3.3,,,
9736e77c-f187-11ee-bab6-fb353e7798cd,Van1,Green,3,2,1708445941,Single Vehicle,V4.45,Clear,No precipitation,1.3.3,,,
c4fca7bc-f18e-11ee-bab8-fb353e7798cd,Van1,Green,3,2,1708447851,Single Vehicle,V4.45,Clear,No precipitation,1.3.3,,,
5774dcde-f196-11ee-babe-fb353e7798cd,Van1,Green,3,2,1708450169,Single Vehicle,V4.45,Clear,No precipitation,1.3.3,,,
51b74168-f19d-11ee-babf-fb353e7798cd,Van1,Green,3,2,1708452357,Single Vehicle,V4.45,Clear,No precipitation,1.3.3,,,
98692fde-f1a4-11ee-bac6-fb353e7798cd,Van1,Green,3,2,1708454084,Single Vehicle,V4.45,Clear,No precipitation,1.3.3,,,
5fc763f6-f1ab-11ee-bacd-fb353e7798cd,Van1,Green,3,2,1708455263,Single Vehicle,V4.45,Clear,No precipitation,1.3.3,,,
99b9f446-f1b2-11ee-bad3-fb353e7798cd,Van1,Green,3,2,1708456586,Single Vehicle,V4.45,Clear,No precipitation,1.3.3,,,
870cfd32-f1b9-11ee-bad5-fb353e7798cd,Van1,Green,3,2,1708458029,Single Vehicle,V4.45,Clear,No precipitation,1.3.3,,,
f12112ba-f1c0-11ee-bada-fb353e7798cd,Van1,Green,3,2,1708459148,Single Vehicle,V4.45,Clear,No precipitation,1.3.3,,,
5f7ce340-f1c8-11ee-bae0-fb353e7798cd,Van1,Green,3,2,1708460545,Single Vehicle,V4.45,Clear,No precipitation,1.3.3,,,
f0bcec4e-ed3e-11ee-9385-ef789ffde1d3,Van1,Blue,3,2,1708621747,Single Vehicle,V3,Cloudy,No precipitation,1.3.3,,,
3344a3c0-f502-11ee-8afa-cb629b0d53e6,Van1,Red,3,2,1708625632,Single Vehicle,V4,Cloudy,Rain,1.3.3,,,
96ceec56-f1cf-11ee-bae4-fb353e7798cd,Van1,Green,3,2,1708631926,Single Vehicle,V4.45,Cloudy,Rain,1.3.3,,,
3ed4aa16-f1d6-11ee-bae6-fb353e7798cd,Van1,Green,3,2,1708633244,Single Vehicle,V4.45,Cloudy,Rain,1.3.3,,,
236836f6-f1dd-11ee-bae8-fb353e7798cd,Van1,Green,3,2,1708634226,Single Vehicle,V4.45,Cloudy,Rain,1.3.3,,,
1c74d294-f1e4-11ee-baf0-fb353e7798cd,Van1,Green,3,2,1708635122,Single Vehicle,V4.45,Cloudy,Rain,1.3.3,,,
