count,groupMetadataID,start_time,end_time,nummsgs,filebase,folder,vehilceID,experimentID,isOneMode
1,3a116996-93a9-11ee-956e-9da2d070324c,1.67416e+18,1.67416e+18,1855470,/Deployment_2_SEOhio/Blue Route/OU Pacifica/1674155613/20230119141333.record.00000,/Deployment_2_SEOhio/Blue Route/OU Pacifica/1674155613/20230119141333.record.00000,OUPacifica,13,True
2,2837eb9c-9542-11ee-956e-9da2d070324c,1.68331e+18,1.68332e+18,1149980,/Deployment_2_SEOhio/Blue Route/OU Pacifica/1684354335/20230505150652.record.00000,/Deployment_2_SEOhio/Blue Route/OU Pacifica/1684354335/20230505150652.record.00000,OUPacifica,1,True
3,da853e0c-a10f-11ee-981c-d126ddbe9afa,1.68478e+18,1.68478e+18,459295,/Deployment_2_SEOhio/Blue Route/OU Pacifica/1684733733/20230522131549.record.00000,/Deployment_2_SEOhio/Blue Route/OU Pacifica/1684733733/20230522131549.record.00000,OUPacifica,2,False
4,154fab12-a43f-11ee-88ec-eb6a8d5269b4,1.68478e+18,1.68478e+18,559423,/Deployment_2_SEOhio/Blue Route/OU Pacifica/1684733734/20230522133221.record.00000,/Deployment_2_SEOhio/Blue Route/OU Pacifica/1684733734/20230522133221.record.00000,OUPacifica,3,False
7,ba6e1072-9524-11ee-956e-9da2d070324c,1.68554e+18,1.68554e+18,463801,/Deployment_2_SEOhio/Blue Route/OU Pacifica/1684334963/20230531095500.record.00000,/Deployment_2_SEOhio/Blue Route/OU Pacifica/1684334963/20230531095500.record.00000,OUPacifica,4,False
11,1bbbfbae-c839-11ee-a7fc-dd032dba19e8,1.68617e+18,1.68617e+18,160256,/Deployment_2_SEOhio/RedRoute/OU Pacifica/1686120563/20230607154102.record.00000,/Deployment_2_SEOhio/RedRoute/OU Pacifica/1686120563/20230607154102.record.00000,OUPacifica,5,False
53,f6ac3c82-a445-11ee-88ec-eb6a8d5269b4,1.69282e+18,1.69282e+18,237926,/Deployment_2_SEOhio/Blue Route/OU Pacifica/1692815820/20230823143700.record.00000,/Deployment_2_SEOhio/Blue Route/OU Pacifica/1692815820/20230823143700.record.00000,OUPacifica,14,False
72,58263e34-a45c-11ee-88ec-eb6a8d5269b4,1.69445e+18,1.69445e+18,1953223,/Deployment_2_SEOhio/Blue Route/OU Pacifica/1694450559/20230911124228.record.00000,/Deployment_2_SEOhio/Blue Route/OU Pacifica/1694450559/20230911124228.record.00000,OUPacifica,7,False
80,6d2ea45a-c839-11ee-a7fc-dd032dba19e8,1.69462e+18,1.69463e+18,1816742,/Deployment_2_SEOhio/RedRoute/OU Pacifica/1694623469/20230913124429.record.00000,/Deployment_2_SEOhio/RedRoute/OU Pacifica/1694623469/20230913124429.record.00000,OUPacifica,11,False
84,8b0593cc-cb4e-11ee-909c-e1dc60cf66f9,1.69472e+18,1.69472e+18,910221,/Deployment_2_SEOhio/GreenRoute/OU Pacifica/1694718634/20230914151034.record.00000,/Deployment_2_SEOhio/GreenRoute/OU Pacifica/1694718634/20230914151034.record.00000,OUPacifica,9,False
86,c335d84c-a45c-11ee-88ec-eb6a8d5269b4,1.69505e+18,1.69506e+18,1892935,/Deployment_2_SEOhio/Blue Route/OU Pacifica/1695054362/20230918122602.record.00000,/Deployment_2_SEOhio/Blue Route/OU Pacifica/1695054362/20230918122602.record.00000,OUPacifica,8,False
90,8fa6fe80-c869-11ee-a7fc-dd032dba19e8,1.69523e+18,1.69523e+18,2002226,/Deployment_2_SEOhio/RedRoute/OU Pacifica/1695227194/20230920122634.record.00000,/Deployment_2_SEOhio/RedRoute/OU Pacifica/1695227194/20230920122634.record.00000,OUPacifica,12,False
95,837fc882-cb5a-11ee-909c-e1dc60cf66f9,1.69532e+18,1.69532e+18,843575,/Deployment_2_SEOhio/GreenRoute/OU Pacifica/1695324094/20230921152134.record.00000,/Deployment_2_SEOhio/GreenRoute/OU Pacifica/1695324094/20230921152134.record.00000,OUPacifica,9,False
96,7fb7b9c0-c881-11ee-a7fc-dd032dba19e8,1.69584e+18,1.69584e+18,1892364,/Deployment_2_SEOhio/RedRoute/OU Pacifica/1695836794/20230927134634.record.00000,/Deployment_2_SEOhio/RedRoute/OU Pacifica/1695836794/20230927134634.record.00000,OUPacifica,15,False
100,25641404-cb66-11ee-909c-e1dc60cf66f9,1.69593e+18,1.69593e+18,872434,/Deployment_2_SEOhio/GreenRoute/OU Pacifica/1695927575/20230928145935.record.00000,/Deployment_2_SEOhio/GreenRoute/OU Pacifica/1695927575/20230928145935.record.00000,OUPacifica,16,False
102,5976b77a-a504-11ee-88ec-eb6a8d5269b4,1.69593e+18,1.69593e+18,2036131,/Deployment_2_SEOhio/Blue Route/OU Pacifica/1695931464/20230928160424.record.00000,/Deployment_2_SEOhio/Blue Route/OU Pacifica/1695931464/20230928160424.record.00000,OUPacifica,17,False
103,2bc6ebb8-a529-11ee-88ec-eb6a8d5269b4,1.69627e+18,1.69627e+18,1800578,/Deployment_2_SEOhio/Blue Route/OU Pacifica/1696265320/20231002124840.record.00000,/Deployment_2_SEOhio/Blue Route/OU Pacifica/1696265320/20231002124840.record.00000,OUPacifica,18,False
109,51ef6da6-ca9f-11ee-909c-e1dc60cf66f9,1.69644e+18,1.69644e+18,1753843,/Deployment_2_SEOhio/RedRoute/OU Pacifica/1696436542/20231004122222.record.00000,/Deployment_2_SEOhio/RedRoute/OU Pacifica/1696436542/20231004122222.record.00000,OUPacifica,19,False
115,a6539bd2-cb72-11ee-909c-e1dc60cf66f9,1.69653e+18,1.69653e+18,896685,/Deployment_2_SEOhio/GreenRoute/OU Pacifica/1696532161/20231005145601.record.00000,/Deployment_2_SEOhio/GreenRoute/OU Pacifica/1696532161/20231005145601.record.00000,OUPacifica,20,False
117,3d8020aa-cb7f-11ee-909c-e1dc60cf66f9,1.69653e+18,1.69653e+18,896788,/Deployment_2_SEOhio/GreenRoute/OU Pacifica/1696533326/20231005151526.record.00000,/Deployment_2_SEOhio/GreenRoute/OU Pacifica/1696533326/20231005151526.record.00000,OUPacifica,21,False
118,7f09f6c6-a5b0-11ee-88ec-eb6a8d5269b4,1.69687e+18,1.69687e+18,1849953,/Deployment_2_SEOhio/Blue Route/OU Pacifica/1696869055/20231009123055.record.00000,/Deployment_2_SEOhio/Blue Route/OU Pacifica/1696869055/20231009123055.record.00000,OUPacifica,22,False
119,8437f77a-cab7-11ee-909c-e1dc60cf66f9,1.69687e+18,1.69687e+18,1893059,/Deployment_2_SEOhio/RedRoute/OU Pacifica/1696871720/20231009131520.record.00000,/Deployment_2_SEOhio/RedRoute/OU Pacifica/1696871720/20231009131520.record.00000,OUPacifica,23,False
123,271fee10-cb8b-11ee-909c-e1dc60cf66f9,1.69714e+18,1.69714e+18,834383,/Deployment_2_SEOhio/GreenRoute/OU Pacifica/1697137664/20231012150744.record.00000,/Deployment_2_SEOhio/GreenRoute/OU Pacifica/1697137664/20231012150744.record.00000,OUPacifica,24,False
124,b31aca98-cb95-11ee-909c-e1dc60cf66f9,1.69714e+18,1.69714e+18,853441,/Deployment_2_SEOhio/GreenRoute/OU Pacifica/1697138744/20231012152544.record.00000,/Deployment_2_SEOhio/GreenRoute/OU Pacifica/1697138744/20231012152544.record.00000,OUPacifica,25,False
125,f671c05c-a5e4-11ee-88ec-eb6a8d5269b4,1.69747e+18,1.69748e+18,1848299,/Deployment_2_SEOhio/Blue Route/OU Pacifica/1697473456/20231016122416.record.00000,/Deployment_2_SEOhio/Blue Route/OU Pacifica/1697473456/20231016122416.record.00000,OUPacifica,26,False
126,853ef120-cad3-11ee-909c-e1dc60cf66f9,1.69748e+18,1.69748e+18,1914459,/Deployment_2_SEOhio/RedRoute/OU Pacifica/1697476525/20231016131525.record.00000,/Deployment_2_SEOhio/RedRoute/OU Pacifica/1697476525/20231016131525.record.00000,OUPacifica,27,False
131,90101c36-a621-11ee-88ec-eb6a8d5269b4,1.69765e+18,1.69765e+18,1686049,/Deployment_2_SEOhio/Blue Route/OU Pacifica/1697647842/20231018125042.record.00000,/Deployment_2_SEOhio/Blue Route/OU Pacifica/1697647842/20231018125042.record.00000,OUPacifica,28,False
132,d12cd1c4-caec-11ee-909c-e1dc60cf66f9,1.69765e+18,1.69765e+18,1802876,/Deployment_2_SEOhio/RedRoute/OU Pacifica/1697650385/20231018133305.record.00000,/Deployment_2_SEOhio/RedRoute/OU Pacifica/1697650385/20231018133305.record.00000,OUPacifica,29,False
135,ed352100-cba0-11ee-909c-e1dc60cf66f9,1.69774e+18,1.69774e+18,867348,/Deployment_2_SEOhio/GreenRoute/OU Pacifica/1697742077/20231019150117.record.00000,/Deployment_2_SEOhio/GreenRoute/OU Pacifica/1697742077/20231019150117.record.00000,OUPacifica,30,False
136,072ef896-cbac-11ee-909c-e1dc60cf66f9,1.69774e+18,1.69774e+18,867384,/Deployment_2_SEOhio/GreenRoute/OU Pacifica/1697743021/20231019151701.record.00000,/Deployment_2_SEOhio/GreenRoute/OU Pacifica/1697743021/20231019151701.record.00000,OUPacifica,31,False
137,559495ca-d270-11ee-b437-336917683bb8,1.69808e+18,1.69808e+18,1935237,/Deployment_2_SEOhio/Blue Route/OU Pacifica/1698078445/20231023122725.record.00000,/Deployment_2_SEOhio/Blue Route/OU Pacifica/1698078445/20231023122725.record.00000,OUPacifica,32,False
138,c338788a-d324-11ee-b437-336917683bb8,1.69808e+18,1.69808e+18,1890985,/Deployment_2_SEOhio/RedRoute/OU Pacifica/1698081075/20231023131115.record.00000,/Deployment_2_SEOhio/RedRoute/OU Pacifica/1698081075/20231023131115.record.00000,OUPacifica,33,False
143,feaf2ba8-d28d-11ee-b437-336917683bb8,1.69825e+18,1.69825e+18,1897000,/Deployment_2_SEOhio/Blue Route/OU Pacifica/1698251665/20231025123425.record.00000,/Deployment_2_SEOhio/Blue Route/OU Pacifica/1698251665/20231025123425.record.00000,OUPacifica,34,False
144,c9c6856c-d33c-11ee-b437-336917683bb8,1.69825e+18,1.69826e+18,1868859,/Deployment_2_SEOhio/RedRoute/OU Pacifica/1698254838/20231025132718.record.00000,/Deployment_2_SEOhio/RedRoute/OU Pacifica/1698254838/20231025132718.record.00000,OUPacifica,35,False
150,3c415ade-d353-11ee-b437-336917683bb8,1.69835e+18,1.69835e+18,846847,/Deployment_2_SEOhio/GreenRoute/OU Pacifica/1698347206/20231026150646.record.00000,/Deployment_2_SEOhio/GreenRoute/OU Pacifica/1698347206/20231026150646.record.00000,OUPacifica,36,False
151,88b0613a-d35d-11ee-b437-336917683bb8,1.69835e+18,1.69835e+18,861350,/Deployment_2_SEOhio/GreenRoute/OU Pacifica/1698348088/20231026152128.record.00000,/Deployment_2_SEOhio/GreenRoute/OU Pacifica/1698348088/20231026152128.record.00000,OUPacifica,37,False
272,a253145a-d2a6-11ee-b437-336917683bb8,1.70595e+18,1.70595e+18,2104931,/Deployment_2_SEOhio/Blue Route/OU Pacifica/1705951739/20240122142859.record.00000,/Deployment_2_SEOhio/Blue Route/OU Pacifica/1705951739/20240122142859.record.00000,OUPacifica,38,False
273,787d9684-d2c2-11ee-b437-336917683bb8,1.70595e+18,1.70596e+18,1918581,/Deployment_2_SEOhio/Blue Route/OU Pacifica/1705954227/20240122151027.record.00000,/Deployment_2_SEOhio/Blue Route/OU Pacifica/1705954227/20240122151027.record.00000,OUPacifica,39,False
280,9830d896-d2dc-11ee-b437-336917683bb8,1.7063e+18,1.7063e+18,2048925,/Deployment_2_SEOhio/Blue Route/OU Pacifica/1706299233/20240126150033.record.00000,/Deployment_2_SEOhio/Blue Route/OU Pacifica/1706299233/20240126150033.record.00000,OUPacifica,40,False
281,286c70cc-d2f7-11ee-b437-336917683bb8,1.7063e+18,1.7063e+18,2146838,/Deployment_2_SEOhio/Blue Route/OU Pacifica/1706301712/20240126154152.record.00000,/Deployment_2_SEOhio/Blue Route/OU Pacifica/1706301712/20240126154152.record.00000,OUPacifica,41,False
303,64737d98-d312-11ee-b437-336917683bb8,1.70691e+18,1.70691e+18,1433870,/Deployment_2_SEOhio/Blue Route/OU Pacifica/1706906620/20240202154340.record.00000,/Deployment_2_SEOhio/Blue Route/OU Pacifica/1706906620/20240202154340.record.00000,OUPacifica,42,False
0,06cbdbc0-db4d-11ee-a158-97f8443fd730,0.0,1.6935e+18,1511247,/Deployment_2_SEOhio/Blue Route/TRCVan1/1693493050/20230831110500.record.00034,/Deployment_2_SEOhio/Blue Route/TRCVan1/1693493050/20230831110500.record.00034,Van1,1693493050,False
8,baf0e4be-bede-11ee-835b-599066b5eb60,1.68563e+18,1.68563e+18,1604864,/Deployment_2_SEOhio/Blue Route/TRCVan1/1685632020/20230601110813.record.00000,/Deployment_2_SEOhio/Blue Route/TRCVan1/1685632020/20230601110813.record.00000,Van1,1685632020,False
9,6af236d6-d98f-11ee-a158-97f8443fd730,1.68564e+18,1.68564e+18,1657582,/Deployment_2_SEOhio/Blue Route/TRCVan1/1685639100/20230601130818.record.00000,/Deployment_2_SEOhio/Blue Route/TRCVan1/1685639100/20230601130818.record.00000,Van1,1685639100,False
10,5afabc8c-f035-11ee-b966-fb353e7798cd,1.68565e+18,1.68565e+18,763435,/Deployment_2_SEOhio/GreenRoute/TRCVan1/1685645040/20230601144626.record.00000,/Deployment_2_SEOhio/GreenRoute/TRCVan1/1685645040/20230601144626.record.00000,Van1,1685639100,False
12,39ba7438-d0d5-11ee-9435-f7e542e2436c,1.68927e+18,1.68927e+18,1721550,/Deployment_2_SEOhio/Blue Route/TRCVan1/1689270950/Van1_July13_bluev2f_auto_run1.record.00000,/Deployment_2_SEOhio/Blue Route/TRCVan1/1689270950/Van1_July13_bluev2f_auto_run1.record.00000,Van1,1689270950,False
13,c0624e24-d9aa-11ee-a158-97f8443fd730,1.69048e+18,1.69048e+18,1564597,/Deployment_2_SEOhio/Blue Route/TRCVan1/1690478153/20230727131843.record.00000,/Deployment_2_SEOhio/Blue Route/TRCVan1/1690478153/20230727131843.record.00000,Van1,1690478153,False
14,19b7ebd0-d9b7-11ee-a158-97f8443fd730,1.69048e+18,1.69048e+18,1579311,/Deployment_2_SEOhio/Blue Route/TRCVan1/1690480064/20230727135045.record.00000,/Deployment_2_SEOhio/Blue Route/TRCVan1/1690480064/20230727135045.record.00000,Van1,1690480064,False
15,47561998-d9c3-11ee-a158-97f8443fd730,1.69048e+18,1.69048e+18,1646997,/Deployment_2_SEOhio/Blue Route/TRCVan1/1690482007/20230727142227.record.00000,/Deployment_2_SEOhio/Blue Route/TRCVan1/1690482007/20230727142227.record.00000,Van1,1690482007,False
16,05c7c824-cab8-11ee-aa4d-1d66adf2f0c7,1.6909e+18,1.6909e+18,402467,/Deployment_2_SEOhio/RedRoute/TRCVan1/1690899717/20230801102652.record.00000,/Deployment_2_SEOhio/RedRoute/TRCVan1/1690899717/20230801102652.record.00000,Van1,1690899717,False
17,2462c9d0-eecd-11ee-9385-ef789ffde1d3,1.6909e+18,1.69091e+18,1635768,/Deployment_2_SEOhio/RedRoute/TRCVan1/1690903510/20230801112629.record.00000,/Deployment_2_SEOhio/RedRoute/TRCVan1/1690903510/20230801112629.record.00000,Van1,1690903510,False
18,94c53148-eeed-11ee-9385-ef789ffde1d3,1.69091e+18,1.69091e+18,1601232,/Deployment_2_SEOhio/RedRoute/TRCVan1/1690908929/20230801125722.record.00000,/Deployment_2_SEOhio/RedRoute/TRCVan1/1690908929/20230801125722.record.00000,Van1,1690908929,False
19,88a68dd8-eef9-11ee-9385-ef789ffde1d3,1.69091e+18,1.69091e+18,1649632,/Deployment_2_SEOhio/RedRoute/TRCVan1/1690911954/20230801134731.record.00000,/Deployment_2_SEOhio/RedRoute/TRCVan1/1690911954/20230801134731.record.00000,Van1,1690911954,False
25,86841630-d9d0-11ee-a158-97f8443fd730,1.6915e+18,1.69151e+18,918215,/Deployment_2_SEOhio/Blue Route/TRCVan1/1691504421/20230808102551.record.00000,/Deployment_2_SEOhio/Blue Route/TRCVan1/1691504421/20230808102551.record.00000,Van1,1691504421,True
29,4ed017ee-ef05-11ee-9385-ef789ffde1d3,1.69152e+18,1.69152e+18,1674660,/Deployment_2_SEOhio/RedRoute/TRCVan1/1691518309/20230808141500.record.00000,/Deployment_2_SEOhio/RedRoute/TRCVan1/1691518309/20230808141500.record.00000,Van1,1691518309,True
37,76683d3c-db18-11ee-a158-97f8443fd730,1.69228e+18,1.69228e+18,806998,/Deployment_2_SEOhio/Blue Route/TRCVan1/1692282847/20230817103953.record.00000,/Deployment_2_SEOhio/Blue Route/TRCVan1/1692282847/20230817103953.record.00000,Van1,1692282847,False
38,3a2a78cc-db21-11ee-a158-97f8443fd730,1.69229e+18,1.69229e+18,958734,/Deployment_2_SEOhio/Blue Route/TRCVan1/1692285096/20230817111424.record.00000,/Deployment_2_SEOhio/Blue Route/TRCVan1/1692285096/20230817111424.record.00000,Van1,1692285096,False
39,f9d62032-db2a-11ee-a158-97f8443fd730,1.69229e+18,1.69229e+18,791198,/Deployment_2_SEOhio/Blue Route/TRCVan1/1692287361/20230817115343.record.00000,/Deployment_2_SEOhio/Blue Route/TRCVan1/1692287361/20230817115343.record.00000,Van1,1692287361,False
40,dc39aa14-db32-11ee-a158-97f8443fd730,1.6923e+18,1.6923e+18,1585731,/Deployment_2_SEOhio/Blue Route/TRCVan1/1692297395/20230817143836.record.00000,/Deployment_2_SEOhio/Blue Route/TRCVan1/1692297395/20230817143836.record.00000,Van1,1692297395,False
41,e6d7d384-db40-11ee-a158-97f8443fd730,1.6923e+18,1.6923e+18,1473559,/Deployment_2_SEOhio/Blue Route/TRCVan1/1692300020/20230817152142.record.00000,/Deployment_2_SEOhio/Blue Route/TRCVan1/1692300020/20230817152142.record.00000,Van1,1692300020,False
42,aa5dbcd2-ef10-11ee-9385-ef789ffde1d3,1.69237e+18,1.69237e+18,1419297,/Deployment_2_SEOhio/RedRoute/TRCVan1/1692368703/20230818103132.record.00000,/Deployment_2_SEOhio/RedRoute/TRCVan1/1692368703/20230818103132.record.00000,Van1,1692368703,False
43,e7b934a8-ef1a-11ee-9385-ef789ffde1d3,1.69238e+18,1.69238e+18,1855751,/Deployment_2_SEOhio/RedRoute/TRCVan1/1692377371/20230818125321.record.00000,/Deployment_2_SEOhio/RedRoute/TRCVan1/1692377371/20230818125321.record.00000,Van1,1692377371,False
44,85b6e70e-ef7a-11ee-b966-fb353e7798cd,1.69238e+18,1.69238e+18,1878405,/Deployment_2_SEOhio/RedRoute/TRCVan1/1692380389/20230818134311.record.00000,/Deployment_2_SEOhio/RedRoute/TRCVan1/1692380389/20230818134311.record.00000,Van1,1692380389,False
45,219f7eb8-ef87-11ee-b966-fb353e7798cd,1.69238e+18,1.69239e+18,2166480,/Deployment_2_SEOhio/RedRoute/TRCVan1/1692384057/20230818144735.record.00000,/Deployment_2_SEOhio/RedRoute/TRCVan1/1692384057/20230818144735.record.00000,Van1,1692384057,False
58,3d2d29ec-ef95-11ee-b966-fb353e7798cd,1.69332e+18,1.69332e+18,1359538,/Deployment_2_SEOhio/RedRoute/TRCVan1/1693318866/20230829104411.record.00000,/Deployment_2_SEOhio/RedRoute/TRCVan1/1693318866/20230829104411.record.00000,Van1,1693318866,False
59,d3698592-ef9d-11ee-b966-fb353e7798cd,1.69333e+18,1.69333e+18,1609715,/Deployment_2_SEOhio/RedRoute/TRCVan1/1693325330/20230829121122.record.00000,/Deployment_2_SEOhio/RedRoute/TRCVan1/1693325330/20230829121122.record.00000,Van1,1693325330,False
60,fd1ab258-efa7-11ee-b966-fb353e7798cd,1.69333e+18,1.69333e+18,1138800,/Deployment_2_SEOhio/RedRoute/TRCVan1/1693332650/freq1_1.record.00000,/Deployment_2_SEOhio/RedRoute/TRCVan1/1693332650/freq1_1.record.00000,Van1,1693332650,False
61,8347b862-efad-11ee-b966-fb353e7798cd,1.69334e+18,1.69334e+18,1359985,/Deployment_2_SEOhio/RedRoute/TRCVan1/1693335057/20230829145724.record.00000,/Deployment_2_SEOhio/RedRoute/TRCVan1/1693335057/20230829145724.record.00000,Van1,1693335057,False
62,68c289fa-dbd4-11ee-a158-97f8443fd730,1.6935e+18,1.6935e+18,1478300,/Deployment_2_SEOhio/Blue Route/TRCVan1/1693497944/20230831121319.record.00000,/Deployment_2_SEOhio/Blue Route/TRCVan1/1693497944/20230831121319.record.00000,Van1,1693497944,False
63,8c57e8ac-dbec-11ee-a158-97f8443fd730,1.6935e+18,1.6935e+18,1447653,/Deployment_2_SEOhio/Blue Route/TRCVan1/1693501873/20230831131352.record.00000,/Deployment_2_SEOhio/Blue Route/TRCVan1/1693501873/20230831131352.record.00000,Van1,1693501873,False
64,aa86a660-dc05-11ee-a158-97f8443fd730,1.69351e+18,1.69351e+18,1600877,/Deployment_2_SEOhio/Blue Route/TRCVan1/1693507789/20230831145207.record.00000,/Deployment_2_SEOhio/Blue Route/TRCVan1/1693507789/20230831145207.record.00000,Van1,1693507789,False
65,69ab88ec-dc17-11ee-a158-97f8443fd730,1.69393e+18,1.69393e+18,586521,/Deployment_2_SEOhio/Blue Route/TRCVan1/1693925337/20230905105653.record.00000,/Deployment_2_SEOhio/Blue Route/TRCVan1/1693925337/20230905105653.record.00000,Van1,1693925337,False
66,e2079a78-dc1d-11ee-a158-97f8443fd730,1.69393e+18,1.69393e+18,1377364,/Deployment_2_SEOhio/Blue Route/TRCVan1/1693927674/20230905112938.record.00000,/Deployment_2_SEOhio/Blue Route/TRCVan1/1693927674/20230905112938.record.00000,Van1,1693927674,False
67,a17c1280-ea10-11ee-b297-3b0ad9d5d6c6,1.69393e+18,1.69393e+18,1610259,/Deployment_2_SEOhio/Blue Route/TRCVan1/1693930650/20230905121909.record.00000,/Deployment_2_SEOhio/Blue Route/TRCVan1/1693930650/20230905121909.record.00000,Van1,1693930650,False
68,817d6848-efb6-11ee-b966-fb353e7798cd,1.69393e+18,1.69394e+18,1574176,/Deployment_2_SEOhio/RedRoute/TRCVan1/1693934067/20230905131659.record.00000,/Deployment_2_SEOhio/RedRoute/TRCVan1/1693934067/20230905131659.record.00000,Van1,1693934067,False
69,be857244-efc0-11ee-b966-fb353e7798cd,1.69394e+18,1.69394e+18,1560301,/Deployment_2_SEOhio/RedRoute/TRCVan1/1693936918/20230905140903.record.00000,/Deployment_2_SEOhio/RedRoute/TRCVan1/1693936918/20230905140903.record.00000,Van1,1693936918,False
70,fc211bb2-efca-11ee-b966-fb353e7798cd,1.69411e+18,1.69411e+18,1392877,/Deployment_2_SEOhio/RedRoute/TRCVan1/1694106141/20230907130406.record.00000,/Deployment_2_SEOhio/RedRoute/TRCVan1/1694106141/20230907130406.record.00000,Van1,1694106141,False
71,ed7f2038-ea1e-11ee-b297-3b0ad9d5d6c6,1.69411e+18,1.69411e+18,1687333,/Deployment_2_SEOhio/Blue Route/TRCVan1/1694110308/20230907141313.record.00000,/Deployment_2_SEOhio/Blue Route/TRCVan1/1694110308/20230907141313.record.00000,Van1,1694110308,False
73,40706f50-f03b-11ee-b96e-fb353e7798cd,1.69453e+18,1.69453e+18,916180,/Deployment_2_SEOhio/GreenRoute/TRCVan1/1694530022/20230912105416.record.00000,/Deployment_2_SEOhio/GreenRoute/TRCVan1/1694530022/20230912105416.record.00000,Van1,1694530022,False
74,3a7dc9a6-f042-11ee-b974-fb353e7798cd,1.69453e+18,1.69453e+18,733317,/Deployment_2_SEOhio/GreenRoute/TRCVan1/1694532280/20230912112618.record.00000,/Deployment_2_SEOhio/GreenRoute/TRCVan1/1694532280/20230912112618.record.00000,Van1,1694532280,False
75,ece2a8be-f047-11ee-b97d-fb353e7798cd,1.69453e+18,1.69453e+18,717390,/Deployment_2_SEOhio/GreenRoute/TRCVan1/1694533929/20230912115359.record.00000,/Deployment_2_SEOhio/GreenRoute/TRCVan1/1694533929/20230912115359.record.00000,Van1,1694533929,False
76,8adb6498-f04d-11ee-b981-fb353e7798cd,1.69453e+18,1.69454e+18,759935,/Deployment_2_SEOhio/GreenRoute/TRCVan1/1694534890/20230912120914.record.00000,/Deployment_2_SEOhio/GreenRoute/TRCVan1/1694534890/20230912120914.record.00000,Van1,1694534890,False
77,3ec95686-f053-11ee-b988-fb353e7798cd,1.69454e+18,1.69454e+18,706587,/Deployment_2_SEOhio/GreenRoute/TRCVan1/1694541382/20230912140006.record.00000,/Deployment_2_SEOhio/GreenRoute/TRCVan1/1694541382/20230912140006.record.00000,Van1,1694541382,False
78,cf7148d8-f058-11ee-b98a-fb353e7798cd,1.69454e+18,1.69454e+18,699551,/Deployment_2_SEOhio/GreenRoute/TRCVan1/1694542999/20230912142607.record.00000,/Deployment_2_SEOhio/GreenRoute/TRCVan1/1694542999/20230912142607.record.00000,Van1,1694542999,False
79,7f824ea2-f05e-11ee-b993-fb353e7798cd,1.69454e+18,1.69455e+18,724020,/Deployment_2_SEOhio/GreenRoute/TRCVan1/1694544542/20230912145112.record.00000,/Deployment_2_SEOhio/GreenRoute/TRCVan1/1694544542/20230912145112.record.00000,Van1,1694544542,False
81,20cbfe8c-ea2b-11ee-b297-3b0ad9d5d6c6,1.69471e+18,1.69471e+18,1784455,/Deployment_2_SEOhio/Blue Route/TRCVan1/1694706909/20230914115732.record.00000,/Deployment_2_SEOhio/Blue Route/TRCVan1/1694706909/20230914115732.record.00000,Van1,1694706909,False
82,3ea96640-ea37-11ee-b297-3b0ad9d5d6c6,1.69471e+18,1.69471e+18,1620150,/Deployment_2_SEOhio/Blue Route/TRCVan1/1694709875/20230914124843.record.00000,/Deployment_2_SEOhio/Blue Route/TRCVan1/1694709875/20230914124843.record.00000,Van1,1694709875,False
85,57d240d6-ea4d-11ee-b297-3b0ad9d5d6c6,1.69472e+18,1.69472e+18,1902498,/Deployment_2_SEOhio/Blue Route/TRCVan1/1694719259/20230914152305.record.00000,/Deployment_2_SEOhio/Blue Route/TRCVan1/1694719259/20230914152305.record.00000,Van1,1694719259,False
87,01e65360-efd4-11ee-b966-fb353e7798cd,1.69514e+18,1.69514e+18,1597689,/Deployment_2_SEOhio/RedRoute/TRCVan1/1695139554/20230919120947.record.00000,/Deployment_2_SEOhio/RedRoute/TRCVan1/1695139554/20230919120947.record.00000,Van1,1695139554,False
88,1b6aca0e-efdf-11ee-b966-fb353e7798cd,1.69515e+18,1.69515e+18,1577642,/Deployment_2_SEOhio/RedRoute/TRCVan1/1695147555/20230919142543.record.00000,/Deployment_2_SEOhio/RedRoute/TRCVan1/1695147555/20230919142543.record.00000,Van1,1695147555,False
89,72a03d4a-efe9-11ee-b966-fb353e7798cd,1.69515e+18,1.69515e+18,1506107,/Deployment_2_SEOhio/RedRoute/TRCVan1/1695149842/20230919145613.record.00000,/Deployment_2_SEOhio/RedRoute/TRCVan1/1695149842/20230919145613.record.00000,Van1,1695149842,False
91,82d39c74-ea59-11ee-b297-3b0ad9d5d6c6,1.69531e+18,1.69531e+18,1280633,/Deployment_2_SEOhio/Blue Route/TRCVan1/1695308968/20230921111141.record.00000,/Deployment_2_SEOhio/Blue Route/TRCVan1/1695308968/20230921111141.record.00000,Van1,1695308968,False
92,b76f33be-ea61-11ee-b297-3b0ad9d5d6c6,1.69531e+18,1.69531e+18,674245,/Deployment_2_SEOhio/Blue Route/TRCVan1/1695312076/20230921120821.record.00000,/Deployment_2_SEOhio/Blue Route/TRCVan1/1695312076/20230921120821.record.00000,Van1,1695312076,False
93,17876fec-ea66-11ee-b297-3b0ad9d5d6c6,1.69531e+18,1.69532e+18,1664056,/Deployment_2_SEOhio/Blue Route/TRCVan1/1695314661/20230921124925.record.00000,/Deployment_2_SEOhio/Blue Route/TRCVan1/1695314661/20230921124925.record.00000,Van1,1695314661,False
94,5fcc4fd8-ea71-11ee-b297-3b0ad9d5d6c6,1.69532e+18,1.69532e+18,1692946,/Deployment_2_SEOhio/Blue Route/TRCVan1/1695321688/20230921144243.record.00000,/Deployment_2_SEOhio/Blue Route/TRCVan1/1695321688/20230921144243.record.00000,Van1,1695321688,False
97,d1d090d4-ea7c-11ee-b297-3b0ad9d5d6c6,1.69591e+18,1.69591e+18,1667613,/Deployment_2_SEOhio/Blue Route/TRCVan1/1695912038/20230928104427.record.00000,/Deployment_2_SEOhio/Blue Route/TRCVan1/1695912038/20230928104427.record.00000,Van1,1695912038,False
98,36663b02-ea87-11ee-b297-3b0ad9d5d6c6,1.69592e+18,1.69592e+18,1539508,/Deployment_2_SEOhio/Blue Route/TRCVan1/1695917620/20230928121855.record.00000,/Deployment_2_SEOhio/Blue Route/TRCVan1/1695917620/20230928121855.record.00000,Van1,1695917620,False
99,04115e66-ea91-11ee-b297-3b0ad9d5d6c6,1.69592e+18,1.69592e+18,1084824,/Deployment_2_SEOhio/Blue Route/TRCVan1/1695921887/20230928132657.record.00000,/Deployment_2_SEOhio/Blue Route/TRCVan1/1695921887/20230928132657.record.00000,Van1,1695921887,False
101,0f4f0a06-ea98-11ee-b297-3b0ad9d5d6c6,1.69593e+18,1.69593e+18,1760571,/Deployment_2_SEOhio/Blue Route/TRCVan1/1695928123/20230928151114.record.00000,/Deployment_2_SEOhio/Blue Route/TRCVan1/1695928123/20230928151114.record.00000,Van1,1695928123,False
104,3151e9e2-eff3-11ee-b966-fb353e7798cd,1.69634e+18,1.69635e+18,881750,/Deployment_2_SEOhio/RedRoute/TRCVan1/1696344843/20231003105550.record.00000,/Deployment_2_SEOhio/RedRoute/TRCVan1/1696344843/20231003105550.record.00000,Van1,1696344843,False
105,f41cbd44-eff8-11ee-b966-fb353e7798cd,1.69635e+18,1.69635e+18,791033,/Deployment_2_SEOhio/RedRoute/TRCVan1/1696349012/20231003120619.record.00000,/Deployment_2_SEOhio/RedRoute/TRCVan1/1696349012/20231003120619.record.00000,Van1,1696349012,False
106,5a4bccf4-effe-11ee-b966-fb353e7798cd,1.69635e+18,1.69635e+18,1649945,/Deployment_2_SEOhio/RedRoute/TRCVan1/1696352389/20231003130554.record.00000,/Deployment_2_SEOhio/RedRoute/TRCVan1/1696352389/20231003130554.record.00000,Van1,1696352389,False
107,2f95c748-f009-11ee-b966-fb353e7798cd,1.69636e+18,1.69636e+18,1624953,/Deployment_2_SEOhio/RedRoute/TRCVan1/1696354925/20231003134503.record.00000,/Deployment_2_SEOhio/RedRoute/TRCVan1/1696354925/20231003134503.record.00000,Van1,1696354925,False
108,fcc6fcd2-f013-11ee-b966-fb353e7798cd,1.69636e+18,1.69636e+18,1658220,/Deployment_2_SEOhio/RedRoute/TRCVan1/1696357557/20231003142915.record.00000,/Deployment_2_SEOhio/RedRoute/TRCVan1/1696357557/20231003142915.record.00000,Van1,1696357557,False
110,14b6bc9c-f064-11ee-b998-fb353e7798cd,1.69651e+18,1.69651e+18,780803,/Deployment_2_SEOhio/GreenRoute/TRCVan1/1696513206/20231005094602.record.00000,/Deployment_2_SEOhio/GreenRoute/TRCVan1/1696513206/20231005094602.record.00000,Van1,1696513206,False
111,25e27b86-f06a-11ee-b9a3-fb353e7798cd,1.69652e+18,1.69652e+18,733768,/Deployment_2_SEOhio/GreenRoute/TRCVan1/1696516109/20231005103035.record.00000,/Deployment_2_SEOhio/GreenRoute/TRCVan1/1696516109/20231005103035.record.00000,Van1,1696516109,False
112,c2f54552-f06f-11ee-b9a9-fb353e7798cd,1.69652e+18,1.69652e+18,716970,/Deployment_2_SEOhio/GreenRoute/TRCVan1/1696517463/20231005105301.record.00000,/Deployment_2_SEOhio/GreenRoute/TRCVan1/1696517463/20231005105301.record.00000,Van1,1696517463,False
113,c4146d46-f074-11ee-b9ac-fb353e7798cd,1.69653e+18,1.69653e+18,729358,/Deployment_2_SEOhio/GreenRoute/TRCVan1/1696527185/20231005133640.record.00000,/Deployment_2_SEOhio/GreenRoute/TRCVan1/1696527185/20231005133640.record.00000,Van1,1696527185,False
114,c1b320e2-f079-11ee-b9b0-fb353e7798cd,1.69653e+18,1.69653e+18,734423,/Deployment_2_SEOhio/GreenRoute/TRCVan1/1696528998/20231005140613.record.00000,/Deployment_2_SEOhio/GreenRoute/TRCVan1/1696528998/20231005140613.record.00000,Van1,1696528998,False
116,ba87f3ec-f07e-11ee-b9b4-fb353e7798cd,1.69653e+18,1.69653e+18,1009757,/Deployment_2_SEOhio/GreenRoute/TRCVan1/1696532836/20231005151017.record.00000,/Deployment_2_SEOhio/GreenRoute/TRCVan1/1696532836/20231005151017.record.00000,Van1,1696532836,False
120,cf6fdf3a-eaa3-11ee-b297-3b0ad9d5d6c6,1.69696e+18,1.69696e+18,1696256,/Deployment_2_SEOhio/Blue Route/TRCVan1/1696956495/20231010125131.record.00000,/Deployment_2_SEOhio/Blue Route/TRCVan1/1696956495/20231010125131.record.00000,Van1,1696956495,False
121,f43b6a70-f01e-11ee-b966-fb353e7798cd,1.69696e+18,1.69696e+18,1670355,/Deployment_2_SEOhio/RedRoute/TRCVan1/1696959404/20231010133914.record.00000,/Deployment_2_SEOhio/RedRoute/TRCVan1/1696959404/20231010133914.record.00000,Van1,1696959404,False
122,457dc5ee-f02a-11ee-b966-fb353e7798cd,1.69696e+18,1.69696e+18,1659407,/Deployment_2_SEOhio/RedRoute/TRCVan1/1696962630/20231010143258.record.00000,/Deployment_2_SEOhio/RedRoute/TRCVan1/1696962630/20231010143258.record.00000,Van1,1696962630,False
139,621c07b8-eaaf-11ee-b297-3b0ad9d5d6c6,1.69816e+18,1.69816e+18,1546626,/Deployment_2_SEOhio/Blue Route/TRCVan1/1698160509/20231024112559.record.00000,/Deployment_2_SEOhio/Blue Route/TRCVan1/1698160509/20231024112559.record.00000,Van1,1698160509,True
140,6458c26e-eab9-11ee-b297-3b0ad9d5d6c6,1.69816e+18,1.69817e+18,1635268,/Deployment_2_SEOhio/Blue Route/TRCVan1/1698164674/20231024122917.record.00000,/Deployment_2_SEOhio/Blue Route/TRCVan1/1698164674/20231024122917.record.00000,Van1,1698164674,True
141,81acf35c-eac4-11ee-b297-3b0ad9d5d6c6,1.69817e+18,1.69817e+18,1575979,/Deployment_2_SEOhio/Blue Route/TRCVan1/1698167491/20231024131527.record.00000,/Deployment_2_SEOhio/Blue Route/TRCVan1/1698167491/20231024131527.record.00000,Van1,1698167491,True
142,baec243e-eacf-11ee-b297-3b0ad9d5d6c6,1.69817e+18,1.69817e+18,1594106,/Deployment_2_SEOhio/Blue Route/TRCVan1/1698169490/20231024135806.record.00000,/Deployment_2_SEOhio/Blue Route/TRCVan1/1698169490/20231024135806.record.00000,Van1,1698169490,True
145,787f70da-f036-11ee-b966-fb353e7798cd,1.69833e+18,1.69834e+18,1403611,/Deployment_2_SEOhio/RedRoute/TRCVan1/1698334427/20231026113811.record.00000,/Deployment_2_SEOhio/RedRoute/TRCVan1/1698334427/20231026113811.record.00000,Van1,1698334427,True
146,6daff50c-f041-11ee-b972-fb353e7798cd,1.69834e+18,1.69834e+18,1260025,/Deployment_2_SEOhio/RedRoute/TRCVan1/1698336678/20231026121914.record.00000,/Deployment_2_SEOhio/RedRoute/TRCVan1/1698336678/20231026121914.record.00000,Van1,1698336678,True
147,23a7aa3e-f048-11ee-b97d-fb353e7798cd,1.69834e+18,1.69834e+18,1308288,/Deployment_2_SEOhio/RedRoute/TRCVan1/1698339871/20231026130859.record.00000,/Deployment_2_SEOhio/RedRoute/TRCVan1/1698339871/20231026130859.record.00000,Van1,1698339871,True
148,ef63db62-f051-11ee-b986-fb353e7798cd,1.69834e+18,1.69834e+18,1387752,/Deployment_2_SEOhio/RedRoute/TRCVan1/1698341985/20231026134501.record.00000,/Deployment_2_SEOhio/RedRoute/TRCVan1/1698341985/20231026134501.record.00000,Van1,1698341985,True
149,48021fe0-f05c-11ee-b992-fb353e7798cd,1.69834e+18,1.69835e+18,1396272,/Deployment_2_SEOhio/RedRoute/TRCVan1/1698344425/20231026142225.record.00000,/Deployment_2_SEOhio/RedRoute/TRCVan1/1698344425/20231026142225.record.00000,Van1,1698344425,True
152,05d0240e-eadb-11ee-b297-3b0ad9d5d6c6,1.69877e+18,1.69877e+18,1452437,/Deployment_2_SEOhio/Blue Route/TRCVan1/1698766201/20231031113420.record.00000,/Deployment_2_SEOhio/Blue Route/TRCVan1/1698766201/20231031113420.record.00000,Van1,1698766201,True
153,d54c11ca-eae5-11ee-b297-3b0ad9d5d6c6,1.69877e+18,1.69877e+18,1457171,/Deployment_2_SEOhio/Blue Route/TRCVan1/1698770052/20231031123713.record.00000,/Deployment_2_SEOhio/Blue Route/TRCVan1/1698770052/20231031123713.record.00000,Van1,1698770052,True
154,23765aa8-eaf1-11ee-b297-3b0ad9d5d6c6,1.69877e+18,1.69878e+18,1887906,/Deployment_2_SEOhio/Blue Route/TRCVan1/1698773934/20231031134105.record.00000,/Deployment_2_SEOhio/Blue Route/TRCVan1/1698773934/20231031134105.record.00000,Van1,1698773934,True
155,f93290be-eafe-11ee-b297-3b0ad9d5d6c6,1.69878e+18,1.69878e+18,1414731,/Deployment_2_SEOhio/Blue Route/TRCVan1/1698778736/20231031150232.record.00000,/Deployment_2_SEOhio/Blue Route/TRCVan1/1698778736/20231031150232.record.00000,Van1,1698778736,True
156,bb52690a-f066-11ee-b99e-fb353e7798cd,1.69878e+18,1.69878e+18,1332082,/Deployment_2_SEOhio/RedRoute/TRCVan1/1698781194/20231031154315.record.00000,/Deployment_2_SEOhio/RedRoute/TRCVan1/1698781194/20231031154315.record.00000,Van1,1698781194,True
157,879e3fa2-f085-11ee-b9bd-fb353e7798cd,1.69894e+18,1.69894e+18,635113,/Deployment_2_SEOhio/GreenRoute/TRCVan1/1698939039/20231102113834.record.00000,/Deployment_2_SEOhio/GreenRoute/TRCVan1/1698939039/20231102113834.record.00000,Van1,1698939039,True
158,a2ed8b42-f089-11ee-b9c3-fb353e7798cd,1.69894e+18,1.69894e+18,611346,/Deployment_2_SEOhio/GreenRoute/TRCVan1/1698940788/20231102120203.record.00000,/Deployment_2_SEOhio/GreenRoute/TRCVan1/1698940788/20231102120203.record.00000,Van1,1698940788,True
159,b6227b56-f08d-11ee-b9c9-fb353e7798cd,1.69894e+18,1.69894e+18,601443,/Deployment_2_SEOhio/GreenRoute/TRCVan1/1698942399/20231102123149.record.00000,/Deployment_2_SEOhio/GreenRoute/TRCVan1/1698942399/20231102123149.record.00000,Van1,1698942399,True
160,d1a3a310-f091-11ee-b9ce-fb353e7798cd,1.69894e+18,1.69894e+18,104741,/Deployment_2_SEOhio/GreenRoute/TRCVan1/1698944496/20231102130438.record.00000,/Deployment_2_SEOhio/GreenRoute/TRCVan1/1698944496/20231102130438.record.00000,Van1,1698944496,False
161,878e1a02-f092-11ee-b9cf-fb353e7798cd,1.69895e+18,1.69895e+18,644520,/Deployment_2_SEOhio/GreenRoute/TRCVan1/1698945333/20231102131747.record.00000,/Deployment_2_SEOhio/GreenRoute/TRCVan1/1698945333/20231102131747.record.00000,Van1,1698945333,True
162,e640cf0a-f096-11ee-b9d5-fb353e7798cd,1.69895e+18,1.69895e+18,640791,/Deployment_2_SEOhio/GreenRoute/TRCVan1/1698949425/20231102142217.record.00000,/Deployment_2_SEOhio/GreenRoute/TRCVan1/1698949425/20231102142217.record.00000,Van1,1698949425,True
163,079f0d30-eb09-11ee-b297-3b0ad9d5d6c6,1.69937e+18,1.69937e+18,711017,/Deployment_2_SEOhio/Blue Route/TRCVan1/1699373131/20231107111450.record.00000,/Deployment_2_SEOhio/Blue Route/TRCVan1/1699373131/20231107111450.record.00000,Van1,1699373131,True
164,bcf44e58-eb0d-11ee-b297-3b0ad9d5d6c6,1.69938e+18,1.69938e+18,1595483,/Deployment_2_SEOhio/Blue Route/TRCVan1/1699377156/20231107121606.record.00000,/Deployment_2_SEOhio/Blue Route/TRCVan1/1699377156/20231107121606.record.00000,Van1,1699377156,True
165,e9e14d3a-eb17-11ee-b297-3b0ad9d5d6c6,1.69938e+18,1.69938e+18,1490185,/Deployment_2_SEOhio/Blue Route/TRCVan1/1699379931/20231107130310.record.00000,/Deployment_2_SEOhio/Blue Route/TRCVan1/1699379931/20231107130310.record.00000,Van1,1699379931,True
166,599673dc-f070-11ee-b9a9-fb353e7798cd,1.69938e+18,1.69939e+18,1419466,/Deployment_2_SEOhio/RedRoute/TRCVan1/1699382954/20231107135758.record.00000,/Deployment_2_SEOhio/RedRoute/TRCVan1/1699382954/20231107135758.record.00000,Van1,1699382954,True
167,26af7004-f07a-11ee-b9b2-fb353e7798cd,1.69939e+18,1.69939e+18,1362300,/Deployment_2_SEOhio/RedRoute/TRCVan1/1699385598/20231107143718.record.00000,/Deployment_2_SEOhio/RedRoute/TRCVan1/1699385598/20231107143718.record.00000,Van1,1699385598,True
168,5230b9be-f083-11ee-b9b8-fb353e7798cd,1.69939e+18,1.69939e+18,682381,/Deployment_2_SEOhio/RedRoute/TRCVan1/1699388000/20231107151528.record.00000,/Deployment_2_SEOhio/RedRoute/TRCVan1/1699388000/20231107151528.record.00000,Van1,1699388000,True
169,31b48540-f09b-11ee-b9da-fb353e7798cd,1.69955e+18,1.69955e+18,610629,/Deployment_2_SEOhio/GreenRoute/TRCVan1/1699545317/20231109110040.record.00000,/Deployment_2_SEOhio/GreenRoute/TRCVan1/1699545317/20231109110040.record.00000,Van1,1699545317,True
170,2c8690b4-f09f-11ee-b9de-fb353e7798cd,1.69955e+18,1.69955e+18,573256,/Deployment_2_SEOhio/GreenRoute/TRCVan1/1699546813/20231109112244.record.00000,/Deployment_2_SEOhio/GreenRoute/TRCVan1/1699546813/20231109112244.record.00000,Van1,1699546813,True
171,00ff88b6-f0a3-11ee-b9e3-fb353e7798cd,1.69955e+18,1.69955e+18,553148,/Deployment_2_SEOhio/GreenRoute/TRCVan1/1699548107/20231109114602.record.00000,/Deployment_2_SEOhio/GreenRoute/TRCVan1/1699548107/20231109114602.record.00000,Van1,1699548107,True
172,900701bc-f0a6-11ee-b9e4-fb353e7798cd,1.69955e+18,1.69955e+18,561346,/Deployment_2_SEOhio/GreenRoute/TRCVan1/1699549402/20231109120510.record.00000,/Deployment_2_SEOhio/GreenRoute/TRCVan1/1699549402/20231109120510.record.00000,Van1,1699549402,True
173,41cd65b4-f0aa-11ee-b9e8-fb353e7798cd,1.69955e+18,1.69955e+18,544880,/Deployment_2_SEOhio/GreenRoute/TRCVan1/1699550517/20231109122347.record.00000,/Deployment_2_SEOhio/GreenRoute/TRCVan1/1699550517/20231109122347.record.00000,Van1,1699550517,True
174,b2bfb60c-f0ad-11ee-b9ea-fb353e7798cd,1.69956e+18,1.69956e+18,584208,/Deployment_2_SEOhio/GreenRoute/TRCVan1/1699555006/20231109133822.record.00000,/Deployment_2_SEOhio/GreenRoute/TRCVan1/1699555006/20231109133822.record.00000,Van1,1699555006,True
175,7aa336e6-f0b1-11ee-b9ed-fb353e7798cd,1.69956e+18,1.69956e+18,588638,/Deployment_2_SEOhio/GreenRoute/TRCVan1/1699556353/20231109140133.record.00000,/Deployment_2_SEOhio/GreenRoute/TRCVan1/1699556353/20231109140133.record.00000,Van1,1699556353,True
176,56b8baa4-f0b5-11ee-b9f0-fb353e7798cd,1.69956e+18,1.69956e+18,586081,/Deployment_2_SEOhio/GreenRoute/TRCVan1/1699557214/20231109141440.record.00000,/Deployment_2_SEOhio/GreenRoute/TRCVan1/1699557214/20231109141440.record.00000,Van1,1699557214,True
177,471890c0-f0b9-11ee-b9f5-fb353e7798cd,1.69998e+18,1.69998e+18,643424,/Deployment_2_SEOhio/GreenRoute/TRCVan1/1699981669/20231114121040.record.00000,/Deployment_2_SEOhio/GreenRoute/TRCVan1/1699981669/20231114121040.record.00000,Van1,1699981669,True
178,6c415180-f0bd-11ee-b9fa-fb353e7798cd,1.69998e+18,1.69998e+18,750482,/Deployment_2_SEOhio/GreenRoute/TRCVan1/1699983214/20231114123548.record.00000,/Deployment_2_SEOhio/GreenRoute/TRCVan1/1699983214/20231114123548.record.00000,Van1,1699983214,True
179,3b6d2a5c-f0c2-11ee-ba01-fb353e7798cd,1.69998e+18,1.69999e+18,661440,/Deployment_2_SEOhio/GreenRoute/TRCVan1/1699984623/20231114130142.record.00000,/Deployment_2_SEOhio/GreenRoute/TRCVan1/1699984623/20231114130142.record.00000,Van1,1699984623,True
180,781c0bcc-eb21-11ee-b297-3b0ad9d5d6c6,1.69999e+18,1.69999e+18,1491010,/Deployment_2_SEOhio/Blue Route/TRCVan1/1699990938/20231114144739.record.00000,/Deployment_2_SEOhio/Blue Route/TRCVan1/1699990938/20231114144739.record.00000,Van1,1699990938,True
181,593d4b54-d0a9-11ee-9435-f7e542e2436c,1.69999e+18,1.7e+18,1756748,/Deployment_2_SEOhio/Blue Route/TRCVan1/1699993490/20231114152701.record.00000,/Deployment_2_SEOhio/Blue Route/TRCVan1/1699993490/20231114152701.record.00000,Van1,1699993490,True
182,4bbe3c64-f088-11ee-b9c3-fb353e7798cd,1.70015e+18,1.70015e+18,607638,/Deployment_2_SEOhio/RedRoute/TRCVan1/1700151609/20231116112402.record.00000,/Deployment_2_SEOhio/RedRoute/TRCVan1/1700151609/20231116112402.record.00000,Van1,1700151609,True
183,5c2ad8ec-f08c-11ee-b9c8-fb353e7798cd,1.70015e+18,1.70016e+18,1450588,/Deployment_2_SEOhio/RedRoute/TRCVan1/1700154305/20231116120910.record.00000,/Deployment_2_SEOhio/RedRoute/TRCVan1/1700154305/20231116120910.record.00000,Van1,1700154305,True
184,6c5f7416-f096-11ee-b9d4-fb353e7798cd,1.70016e+18,1.70016e+18,349139,/Deployment_2_SEOhio/RedRoute/TRCVan1/1700157378/20231116130006.record.00000,/Deployment_2_SEOhio/RedRoute/TRCVan1/1700157378/20231116130006.record.00000,Van1,1700157378,True
185,ede139be-f098-11ee-b9d8-fb353e7798cd,1.70016e+18,1.70016e+18,1413248,/Deployment_2_SEOhio/RedRoute/TRCVan1/1700159117/20231116132717.record.00000,/Deployment_2_SEOhio/RedRoute/TRCVan1/1700159117/20231116132717.record.00000,Van1,1700159117,True
186,dbff355c-f0a2-11ee-b9e3-fb353e7798cd,1.70016e+18,1.70016e+18,1379263,/Deployment_2_SEOhio/RedRoute/TRCVan1/1700163302/20231116143619.record.00000,/Deployment_2_SEOhio/RedRoute/TRCVan1/1700163302/20231116143619.record.00000,Van1,1700163302,True
187,d4b936f6-eb36-11ee-b297-3b0ad9d5d6c6,1.7005e+18,1.7005e+18,1266107,/Deployment_2_SEOhio/Blue Route/TRCVan1/1700496073/20231120110411.record.00000,/Deployment_2_SEOhio/Blue Route/TRCVan1/1700496073/20231120110411.record.00000,Van1,1700496073,True
188,cc0299e6-eb3e-11ee-b297-3b0ad9d5d6c6,1.7005e+18,1.7005e+18,1780666,/Deployment_2_SEOhio/Blue Route/TRCVan1/1700501626/20231120123540.record.00000,/Deployment_2_SEOhio/Blue Route/TRCVan1/1700501626/20231120123540.record.00000,Van1,1700501626,True
189,60c57e4e-eb4a-11ee-b297-3b0ad9d5d6c6,1.7005e+18,1.70051e+18,776694,/Deployment_2_SEOhio/Blue Route/TRCVan1/1700504139/20231120132605.record.00000,/Deployment_2_SEOhio/Blue Route/TRCVan1/1700504139/20231120132605.record.00000,Van1,1700504139,True
190,54a02cb8-eb4f-11ee-b297-3b0ad9d5d6c6,1.70051e+18,1.70051e+18,1542631,/Deployment_2_SEOhio/Blue Route/TRCVan1/1700511459/20231120151919.record.00000,/Deployment_2_SEOhio/Blue Route/TRCVan1/1700511459/20231120151919.record.00000,Van1,1700511459,True
191,eb22edf4-f0ab-11ee-b9e9-fb353e7798cd,1.70058e+18,1.70058e+18,1540178,/Deployment_2_SEOhio/RedRoute/TRCVan1/1700582322/20231121110208.record.00000,/Deployment_2_SEOhio/RedRoute/TRCVan1/1700582322/20231121110208.record.00000,Van1,1700582322,True
192,d1d69a76-f0b5-11ee-b9f0-fb353e7798cd,1.70058e+18,1.70059e+18,1444342,/Deployment_2_SEOhio/RedRoute/TRCVan1/1700584695/20231121114000.record.00000,/Deployment_2_SEOhio/RedRoute/TRCVan1/1700584695/20231121114000.record.00000,Van1,1700584695,True
193,906d3c4e-f0be-11ee-b9fb-fb353e7798cd,1.70059e+18,1.70059e+18,1430595,/Deployment_2_SEOhio/RedRoute/TRCVan1/1700586898/20231121121659.record.00000,/Deployment_2_SEOhio/RedRoute/TRCVan1/1700586898/20231121121659.record.00000,Van1,1700586898,True
194,2bb03aaa-f0c7-11ee-ba06-fb353e7798cd,1.70059e+18,1.70059e+18,1435072,/Deployment_2_SEOhio/RedRoute/TRCVan1/1700592077/20231121134246.record.00000,/Deployment_2_SEOhio/RedRoute/TRCVan1/1700592077/20231121134246.record.00000,Van1,1700592077,True
204,81a5a96e-f0c6-11ee-ba06-fb353e7798cd,1.70136e+18,1.70136e+18,632610,/Deployment_2_SEOhio/GreenRoute/TRCVan1/1701360201/20231130110626.record.00000,/Deployment_2_SEOhio/GreenRoute/TRCVan1/1701360201/20231130110626.record.00000,Van1,1701360201,True
205,8be24d52-f0ca-11ee-ba0a-fb353e7798cd,1.70136e+18,1.70137e+18,636111,/Deployment_2_SEOhio/GreenRoute/TRCVan1/1701363998/20231130121651.record.00000,/Deployment_2_SEOhio/GreenRoute/TRCVan1/1701363998/20231130121651.record.00000,Van1,1701363998,True
206,ba80ba8c-f0ce-11ee-ba0d-fb353e7798cd,1.70137e+18,1.70137e+18,694332,/Deployment_2_SEOhio/GreenRoute/TRCVan1/1701366125/20231130124417.record.00000,/Deployment_2_SEOhio/GreenRoute/TRCVan1/1701366125/20231130124417.record.00000,Van1,1701366125,True
207,240ebe64-f0d3-11ee-ba14-fb353e7798cd,1.70137e+18,1.70137e+18,700938,/Deployment_2_SEOhio/GreenRoute/TRCVan1/1701370372/20231130135608.record.00000,/Deployment_2_SEOhio/GreenRoute/TRCVan1/1701370372/20231130135608.record.00000,Van1,1701370372,True
208,b3ee0dd8-f0d7-11ee-ba18-fb353e7798cd,1.70137e+18,1.70137e+18,739768,/Deployment_2_SEOhio/GreenRoute/TRCVan1/1701371909/20231130142015.record.00000,/Deployment_2_SEOhio/GreenRoute/TRCVan1/1701371909/20231130142015.record.00000,Van1,1701371909,False
209,70060810-eb59-11ee-b297-3b0ad9d5d6c6,1.7018e+18,1.7018e+18,772495,/Deployment_2_SEOhio/Blue Route/TRCVan1/1701803039/20231205140700.record.00000,/Deployment_2_SEOhio/Blue Route/TRCVan1/1701803039/20231205140700.record.00000,Van1,1701803039,False
210,dd72fdec-f0cf-11ee-ba0d-fb353e7798cd,1.70181e+18,1.70181e+18,1557584,/Deployment_2_SEOhio/RedRoute/TRCVan1/1701805296/20231205144430.record.00000,/Deployment_2_SEOhio/RedRoute/TRCVan1/1701805296/20231205144430.record.00000,Van1,1701805296,False
211,211bdb36-f0da-11ee-ba1b-fb353e7798cd,1.70197e+18,1.70197e+18,396364,/Deployment_2_SEOhio/RedRoute/TRCVan1/1701966113/20231207112321.record.00000,/Deployment_2_SEOhio/RedRoute/TRCVan1/1701966113/20231207112321.record.00000,Van1,1701966113,False
212,f0eebb6a-f0dc-11ee-ba1e-fb353e7798cd,1.70197e+18,1.70197e+18,435231,/Deployment_2_SEOhio/RedRoute/TRCVan1/1701968804/20231207121612.record.00000,/Deployment_2_SEOhio/RedRoute/TRCVan1/1701968804/20231207121612.record.00000,Van1,1701968804,False
213,1f70a4f0-f0e0-11ee-ba1e-fb353e7798cd,1.70197e+18,1.70197e+18,276265,/Deployment_2_SEOhio/RedRoute/TRCVan1/1701972261/20231207130736.record.00000,/Deployment_2_SEOhio/RedRoute/TRCVan1/1701972261/20231207130736.record.00000,Van1,1701972261,True
214,f711e68e-f0e1-11ee-ba1f-fb353e7798cd,1.70198e+18,1.70198e+18,354308,/Deployment_2_SEOhio/RedRoute/TRCVan1/1701976116/20231207141308.record.00000,/Deployment_2_SEOhio/RedRoute/TRCVan1/1701976116/20231207141308.record.00000,Van1,1701976116,False
215,622bd2e8-f0e4-11ee-ba1f-fb353e7798cd,1.70198e+18,1.70198e+18,305462,/Deployment_2_SEOhio/RedRoute/TRCVan1/1701978705/20231207145426.record.00000,/Deployment_2_SEOhio/RedRoute/TRCVan1/1701978705/20231207145426.record.00000,Van1,1701978705,False
216,7d27535e-f0e6-11ee-ba21-fb353e7798cd,1.70231e+18,1.70232e+18,1422636,/Deployment_2_SEOhio/RedRoute/TRCVan1/1702313267/20231211115132.record.00000,/Deployment_2_SEOhio/RedRoute/TRCVan1/1702313267/20231211115132.record.00000,Van1,1702313267,True
217,8dbbbf1c-f0ef-11ee-ba29-fb353e7798cd,1.70232e+18,1.70232e+18,1612292,/Deployment_2_SEOhio/RedRoute/TRCVan1/1702315919/20231211123919.record.00000,/Deployment_2_SEOhio/RedRoute/TRCVan1/1702315919/20231211123919.record.00000,Van1,1702315919,False
218,d21965e6-f0fa-11ee-ba37-fb353e7798cd,1.70232e+18,1.70232e+18,1638355,/Deployment_2_SEOhio/RedRoute/TRCVan1/1702320124/20231211134351.record.00000,/Deployment_2_SEOhio/RedRoute/TRCVan1/1702320124/20231211134351.record.00000,Van1,1702320124,False
219,80340ab8-d054-11ee-9435-f7e542e2436c,1.70232e+18,1.70233e+18,1453126,/Deployment_2_SEOhio/Blue Route/TRCVan1/1702323716/20231211144257.record.00000,/Deployment_2_SEOhio/Blue Route/TRCVan1/1702323716/20231211144257.record.00000,Van1,1702323716,False
220,171c50bc-f106-11ee-ba42-fb353e7798cd,1.70248e+18,1.70249e+18,1604186,/Deployment_2_SEOhio/RedRoute/TRCVan1/1702483621/20231213111237.record.00000,/Deployment_2_SEOhio/RedRoute/TRCVan1/1702483621/20231213111237.record.00000,Van1,1702483621,False
221,de933de8-f112-11ee-ba4d-fb353e7798cd,1.70249e+18,1.70249e+18,1577104,/Deployment_2_SEOhio/RedRoute/TRCVan1/1702486677/20231213120310.record.00000,/Deployment_2_SEOhio/RedRoute/TRCVan1/1702486677/20231213120310.record.00000,Van1,1702486677,False
222,fc119dfc-eb67-11ee-b297-3b0ad9d5d6c6,1.70249e+18,1.70249e+18,1688862,/Deployment_2_SEOhio/Blue Route/TRCVan1/1702490730/20231213130935.record.00000,/Deployment_2_SEOhio/Blue Route/TRCVan1/1702490730/20231213130935.record.00000,Van1,1702490730,False
223,75f83e28-eb77-11ee-b297-3b0ad9d5d6c6,1.70249e+18,1.7025e+18,1702411,/Deployment_2_SEOhio/Blue Route/TRCVan1/1702493648/20231213135521.record.00000,/Deployment_2_SEOhio/Blue Route/TRCVan1/1702493648/20231213135521.record.00000,Van1,1702493648,False
224,3343fd3c-eb87-11ee-b297-3b0ad9d5d6c6,1.70292e+18,1.70292e+18,1686118,/Deployment_2_SEOhio/Blue Route/TRCVan1/1702919336/20231218121831.record.00000,/Deployment_2_SEOhio/Blue Route/TRCVan1/1702919336/20231218121831.record.00000,Van1,1702919336,False
225,64bbe8e0-eb94-11ee-b297-3b0ad9d5d6c6,1.70292e+18,1.70292e+18,1474775,/Deployment_2_SEOhio/Blue Route/TRCVan1/1702922788/20231218130841.record.00000,/Deployment_2_SEOhio/Blue Route/TRCVan1/1702922788/20231218130841.record.00000,Van1,1702922788,False
226,2d35c522-eba2-11ee-b297-3b0ad9d5d6c6,1.70293e+18,1.70293e+18,1534653,/Deployment_2_SEOhio/Blue Route/TRCVan1/1702924975/20231218135408.record.00000,/Deployment_2_SEOhio/Blue Route/TRCVan1/1702924975/20231218135408.record.00000,Van1,1702924975,False
227,af10e22a-ebb1-11ee-b297-3b0ad9d5d6c6,1.70293e+18,1.70293e+18,1644763,/Deployment_2_SEOhio/Blue Route/TRCVan1/1702928477/20231218144411.record.00000,/Deployment_2_SEOhio/Blue Route/TRCVan1/1702928477/20231218144411.record.00000,Van1,1702928477,False
228,a7c98b32-ebc2-11ee-b297-3b0ad9d5d6c6,1.70293e+18,1.70293e+18,1635185,/Deployment_2_SEOhio/Blue Route/TRCVan1/1702930497/20231218151754.record.00000,/Deployment_2_SEOhio/Blue Route/TRCVan1/1702930497/20231218151754.record.00000,Van1,1702930497,False
229,c8f54ac0-ebd2-11ee-b297-3b0ad9d5d6c6,1.70301e+18,1.70301e+18,1609405,/Deployment_2_SEOhio/Blue Route/TRCVan1/1703009435/20231219131255.record.00000,/Deployment_2_SEOhio/Blue Route/TRCVan1/1703009435/20231219131255.record.00000,Van1,1703009435,False
230,c7c02bda-ebe0-11ee-b297-3b0ad9d5d6c6,1.70301e+18,1.70301e+18,1600315,/Deployment_2_SEOhio/Blue Route/TRCVan1/1703011826/20231219135319.record.00000,/Deployment_2_SEOhio/Blue Route/TRCVan1/1703011826/20231219135319.record.00000,Van1,1703011826,False
231,7228e03a-ebf0-11ee-b297-3b0ad9d5d6c6,1.70302e+18,1.70302e+18,1696587,/Deployment_2_SEOhio/Blue Route/TRCVan1/1703014351/20231219144334.record.00000,/Deployment_2_SEOhio/Blue Route/TRCVan1/1703014351/20231219144334.record.00000,Van1,1703014351,False
232,21376e38-ec01-11ee-b297-3b0ad9d5d6c6,1.70302e+18,1.70302e+18,1568814,/Deployment_2_SEOhio/Blue Route/TRCVan1/1703017128/20231219152021.record.00000,/Deployment_2_SEOhio/Blue Route/TRCVan1/1703017128/20231219152021.record.00000,Van1,1703017128,False
233,b224ef9c-ec10-11ee-b297-3b0ad9d5d6c6,1.70361e+18,1.70361e+18,1588085,/Deployment_2_SEOhio/Blue Route/TRCVan1/1703607716/20231226112253.record.00000,/Deployment_2_SEOhio/Blue Route/TRCVan1/1703607716/20231226112253.record.00000,Van1,1703607716,False
234,04151804-ec20-11ee-b297-3b0ad9d5d6c6,1.70361e+18,1.70361e+18,1646362,/Deployment_2_SEOhio/Blue Route/TRCVan1/1703610587/20231226121344.record.00000,/Deployment_2_SEOhio/Blue Route/TRCVan1/1703610587/20231226121344.record.00000,Van1,1703610587,False
235,5240e750-ec30-11ee-b297-3b0ad9d5d6c6,1.70361e+18,1.70362e+18,722861,/Deployment_2_SEOhio/Blue Route/TRCVan1/1703614799/20231226132134.record.00000,/Deployment_2_SEOhio/Blue Route/TRCVan1/1703614799/20231226132134.record.00000,Van1,1703614799,False
236,e9d67bf2-ec35-11ee-b297-3b0ad9d5d6c6,1.70362e+18,1.70362e+18,1602459,/Deployment_2_SEOhio/Blue Route/TRCVan1/1703617396/20231226140504.record.00000,/Deployment_2_SEOhio/Blue Route/TRCVan1/1703617396/20231226140504.record.00000,Van1,1703617396,False
237,cb205756-ec43-11ee-b297-3b0ad9d5d6c6,1.70362e+18,1.70362e+18,1683076,/Deployment_2_SEOhio/Blue Route/TRCVan1/1703619711/20231226144327.record.00000,/Deployment_2_SEOhio/Blue Route/TRCVan1/1703619711/20231226144327.record.00000,Van1,1703619711,False
238,9189a2a8-f121-11ee-ba5b-fb353e7798cd,1.70362e+18,1.70362e+18,1603503,/Deployment_2_SEOhio/RedRoute/TRCVan1/1703622416/20231226152835.record.00000,/Deployment_2_SEOhio/RedRoute/TRCVan1/1703622416/20231226152835.record.00000,Van1,1703622416,False
239,df8e3742-ec54-11ee-b297-3b0ad9d5d6c6,1.70369e+18,1.7037e+18,1496842,/Deployment_2_SEOhio/Blue Route/TRCVan1/1703694198/20231227112554.record.00000,/Deployment_2_SEOhio/Blue Route/TRCVan1/1703694198/20231227112554.record.00000,Van1,1703694198,False
240,20f0b890-ec64-11ee-b297-3b0ad9d5d6c6,1.7037e+18,1.7037e+18,1598923,/Deployment_2_SEOhio/Blue Route/TRCVan1/1703696204/20231227120238.record.00000,/Deployment_2_SEOhio/Blue Route/TRCVan1/1703696204/20231227120238.record.00000,Van1,1703696204,False
241,4d0254fc-ec73-11ee-b297-3b0ad9d5d6c6,1.7037e+18,1.7037e+18,1552770,/Deployment_2_SEOhio/Blue Route/TRCVan1/1703699571/20231227125515.record.00000,/Deployment_2_SEOhio/Blue Route/TRCVan1/1703699571/20231227125515.record.00000,Van1,1703699571,False
242,bbbd0cc6-f0dc-11ee-ba1e-fb353e7798cd,1.70371e+18,1.70371e+18,259776,/Deployment_2_SEOhio/GreenRoute/TRCVan1/1703705713/20231227144712.record.00000,/Deployment_2_SEOhio/GreenRoute/TRCVan1/1703705713/20231227144712.record.00000,Van1,1703705713,False
243,c9be2042-f0de-11ee-ba1e-fb353e7798cd,1.70371e+18,1.70371e+18,783072,/Deployment_2_SEOhio/GreenRoute/TRCVan1/1703706755/20231227145511.record.00000,/Deployment_2_SEOhio/GreenRoute/TRCVan1/1703706755/20231227145511.record.00000,Van1,1703706755,False
244,044d976e-f0e5-11ee-ba20-fb353e7798cd,1.70371e+18,1.70371e+18,755552,/Deployment_2_SEOhio/GreenRoute/TRCVan1/1703708166/20231227151750.record.00000,/Deployment_2_SEOhio/GreenRoute/TRCVan1/1703708166/20231227151750.record.00000,Van1,1703708166,False
245,3d2a80f0-ec81-11ee-b297-3b0ad9d5d6c6,1.70439e+18,1.70439e+18,1683629,/Deployment_2_SEOhio/Blue Route/TRCVan1/1704388641/20240104122313.record.00000,/Deployment_2_SEOhio/Blue Route/TRCVan1/1704388641/20240104122313.record.00000,Van1,1704388641,False
246,ba28b352-ec8f-11ee-b297-3b0ad9d5d6c6,1.70439e+18,1.70439e+18,1519525,/Deployment_2_SEOhio/Blue Route/TRCVan1/1704392147/20240104131920.record.00000,/Deployment_2_SEOhio/Blue Route/TRCVan1/1704392147/20240104131920.record.00000,Van1,1704392147,False
247,6d62da08-ec9d-11ee-b297-3b0ad9d5d6c6,1.7044e+18,1.7044e+18,1613314,/Deployment_2_SEOhio/Blue Route/TRCVan1/1704397657/20240104144937.record.00000,/Deployment_2_SEOhio/Blue Route/TRCVan1/1704397657/20240104144937.record.00000,Van1,1704397657,False
248,71a18322-ecab-11ee-b297-3b0ad9d5d6c6,1.7044e+18,1.7044e+18,1905959,/Deployment_2_SEOhio/Blue Route/TRCVan1/1704400698/20240104154010.record.00000,/Deployment_2_SEOhio/Blue Route/TRCVan1/1704400698/20240104154010.record.00000,Van1,1704400698,False
249,25d3bdc8-ecbc-11ee-b297-3b0ad9d5d6c6,1.70448e+18,1.70448e+18,1552139,/Deployment_2_SEOhio/Blue Route/TRCVan1/1704478339/20240105131648.record.00000,/Deployment_2_SEOhio/Blue Route/TRCVan1/1704478339/20240105131648.record.00000,Van1,1704478339,False
250,3441fc36-ecca-11ee-b297-3b0ad9d5d6c6,1.70448e+18,1.70448e+18,1639874,/Deployment_2_SEOhio/Blue Route/TRCVan1/1704481104/20240105140207.record.00000,/Deployment_2_SEOhio/Blue Route/TRCVan1/1704481104/20240105140207.record.00000,Van1,1704481104,False
251,326699c2-ecd8-11ee-b297-3b0ad9d5d6c6,1.70449e+18,1.70449e+18,1653117,/Deployment_2_SEOhio/Blue Route/TRCVan1/1704485004/20240105150738.record.00000,/Deployment_2_SEOhio/Blue Route/TRCVan1/1704485004/20240105150738.record.00000,Van1,1704485004,False
252,f9c5e53e-f0ea-11ee-ba28-fb353e7798cd,1.70482e+18,1.70482e+18,748992,/Deployment_2_SEOhio/GreenRoute/TRCVan1/1704816453/20240109111140.record.00000,/Deployment_2_SEOhio/GreenRoute/TRCVan1/1704816453/20240109111140.record.00000,Van1,1704816453,False
253,fa9cba86-f0f0-11ee-ba2a-fb353e7798cd,1.70482e+18,1.70482e+18,765351,/Deployment_2_SEOhio/GreenRoute/TRCVan1/1704819494/20240109120052.record.00000,/Deployment_2_SEOhio/GreenRoute/TRCVan1/1704819494/20240109120052.record.00000,Van1,1704819494,False
254,53fad09e-f0f7-11ee-ba2f-fb353e7798cd,1.70482e+18,1.70482e+18,780159,/Deployment_2_SEOhio/GreenRoute/TRCVan1/1704820960/20240109122415.record.00000,/Deployment_2_SEOhio/GreenRoute/TRCVan1/1704820960/20240109122415.record.00000,Van1,1704820960,False
255,a901fe40-f0fd-11ee-ba39-fb353e7798cd,1.70482e+18,1.70482e+18,758939,/Deployment_2_SEOhio/GreenRoute/TRCVan1/1704822214/20240109125301.record.00000,/Deployment_2_SEOhio/GreenRoute/TRCVan1/1704822214/20240109125301.record.00000,Van1,1704822214,False
256,961fd9cc-f103-11ee-ba3f-fb353e7798cd,1.70482e+18,1.70482e+18,764772,/Deployment_2_SEOhio/GreenRoute/TRCVan1/1704824055/20240109131528.record.00000,/Deployment_2_SEOhio/GreenRoute/TRCVan1/1704824055/20240109131528.record.00000,Van1,1704824055,False
257,bb4d37d4-f109-11ee-ba46-fb353e7798cd,1.70483e+18,1.70483e+18,748243,/Deployment_2_SEOhio/GreenRoute/TRCVan1/1704825423/20240109134225.record.00000,/Deployment_2_SEOhio/GreenRoute/TRCVan1/1704825423/20240109134225.record.00000,Van1,1704825423,False
258,de493be2-f10f-11ee-ba4b-fb353e7798cd,1.70483e+18,1.70483e+18,735739,/Deployment_2_SEOhio/GreenRoute/TRCVan1/1704826706/20240109140045.record.00000,/Deployment_2_SEOhio/GreenRoute/TRCVan1/1704826706/20240109140045.record.00000,Van1,1704826706,False
259,721a9830-ece6-11ee-b297-3b0ad9d5d6c6,1.70499e+18,1.70499e+18,1595862,/Deployment_2_SEOhio/Blue Route/TRCVan1/1704992559/20240111120641.record.00000,/Deployment_2_SEOhio/Blue Route/TRCVan1/1704992559/20240111120641.record.00000,Van1,1704992559,False
260,acd71bc0-ecf4-11ee-9385-ef789ffde1d3,1.705e+18,1.705e+18,1590676,/Deployment_2_SEOhio/Blue Route/TRCVan1/1704995743/20240111125830.record.00000,/Deployment_2_SEOhio/Blue Route/TRCVan1/1704995743/20240111125830.record.00000,Van1,1704995743,False
261,d62ee6e8-ed02-11ee-9385-ef789ffde1d3,1.705e+18,1.705e+18,1727846,/Deployment_2_SEOhio/Blue Route/TRCVan1/1704998893/20240111134907.record.00000,/Deployment_2_SEOhio/Blue Route/TRCVan1/1704998893/20240111134907.record.00000,Van1,1704998893,False
262,f755cf60-f132-11ee-ba6d-fb353e7798cd,1.705e+18,1.705e+18,1704591,/Deployment_2_SEOhio/RedRoute/TRCVan1/1705002245/20240111144631.record.00000,/Deployment_2_SEOhio/RedRoute/TRCVan1/1705002245/20240111144631.record.00000,Van1,1705002245,False
263,9798fe24-f143-11ee-ba78-fb353e7798cd,1.7056e+18,1.7056e+18,1646920,/Deployment_2_SEOhio/RedRoute/TRCVan1/1705597804/20240118122057.record.00000,/Deployment_2_SEOhio/RedRoute/TRCVan1/1705597804/20240118122057.record.00000,Van1,1705597804,False
264,35518ec4-f153-11ee-ba88-fb353e7798cd,1.7056e+18,1.7056e+18,1664099,/Deployment_2_SEOhio/RedRoute/TRCVan1/1705601263/20240118131140.record.00000,/Deployment_2_SEOhio/RedRoute/TRCVan1/1705601263/20240118131140.record.00000,Van1,1705601263,False
265,ecebb942-f162-11ee-ba97-fb353e7798cd,1.7056e+18,1.70561e+18,1648837,/Deployment_2_SEOhio/RedRoute/TRCVan1/1705604430/20240118140256.record.00000,/Deployment_2_SEOhio/RedRoute/TRCVan1/1705604430/20240118140256.record.00000,Van1,1705604430,False
266,1ee938a2-f172-11ee-baa6-fb353e7798cd,1.70561e+18,1.70561e+18,1710172,/Deployment_2_SEOhio/RedRoute/TRCVan1/1705607337/20240118150209.record.00000,/Deployment_2_SEOhio/RedRoute/TRCVan1/1705607337/20240118150209.record.00000,Van1,1705607337,False
267,d846a080-f115-11ee-ba51-fb353e7798cd,1.70594e+18,1.70594e+18,761732,/Deployment_2_SEOhio/GreenRoute/TRCVan1/1705940333/20240122112502.record.00000,/Deployment_2_SEOhio/GreenRoute/TRCVan1/1705940333/20240122112502.record.00000,Van1,1705940333,False
268,d454c586-f11c-11ee-ba55-fb353e7798cd,1.70594e+18,1.70594e+18,735818,/Deployment_2_SEOhio/GreenRoute/TRCVan1/1705941565/20240122114106.record.00000,/Deployment_2_SEOhio/GreenRoute/TRCVan1/1705941565/20240122114106.record.00000,Van1,1705941565,False
269,dea29156-f123-11ee-ba5d-fb353e7798cd,1.70594e+18,1.70594e+18,731867,/Deployment_2_SEOhio/GreenRoute/TRCVan1/1705943004/20240122120532.record.00000,/Deployment_2_SEOhio/GreenRoute/TRCVan1/1705943004/20240122120532.record.00000,Van1,1705943004,False
270,7e3d64da-f12d-11ee-ba68-fb353e7798cd,1.70594e+18,1.70595e+18,749476,/Deployment_2_SEOhio/GreenRoute/TRCVan1/1705944425/20240122122850.record.00000,/Deployment_2_SEOhio/GreenRoute/TRCVan1/1705944425/20240122122850.record.00000,Van1,1705944425,False
271,848e44a6-f134-11ee-ba6d-fb353e7798cd,1.70595e+18,1.70595e+18,740152,/Deployment_2_SEOhio/GreenRoute/TRCVan1/1705947271/20240122131606.record.00000,/Deployment_2_SEOhio/GreenRoute/TRCVan1/1705947271/20240122131606.record.00000,Van1,1705947271,False
274,38ac9526-f182-11ee-bab0-fb353e7798cd,1.70603e+18,1.70604e+18,1503397,/Deployment_2_SEOhio/RedRoute/TRCVan1/1706034392/20240123133233.record.00000,/Deployment_2_SEOhio/RedRoute/TRCVan1/1706034392/20240123133233.record.00000,Van1,1706034392,True
275,6f5b3612-f18d-11ee-bab8-fb353e7798cd,1.70604e+18,1.70604e+18,1420955,/Deployment_2_SEOhio/RedRoute/TRCVan1/1706036892/20240123141226.record.00000,/Deployment_2_SEOhio/RedRoute/TRCVan1/1706036892/20240123141226.record.00000,Van1,1706036892,True
276,d24820c8-f197-11ee-babe-fb353e7798cd,1.70604e+18,1.70604e+18,1641987,/Deployment_2_SEOhio/RedRoute/TRCVan1/1706039562/20240123145339.record.00000,/Deployment_2_SEOhio/RedRoute/TRCVan1/1706039562/20240123145339.record.00000,Van1,1706039562,False
277,606347dc-ed12-11ee-9385-ef789ffde1d3,1.7062e+18,1.7062e+18,1821380,/Deployment_2_SEOhio/Blue Route/TRCVan1/1706202501/20240125121102.record.00000,/Deployment_2_SEOhio/Blue Route/TRCVan1/1706202501/20240125121102.record.00000,Van1,1706202501,True
278,6f887868-ed21-11ee-9385-ef789ffde1d3,1.70621e+18,1.70621e+18,1664465,/Deployment_2_SEOhio/Blue Route/TRCVan1/1706207953/20240125134057.record.00000,/Deployment_2_SEOhio/Blue Route/TRCVan1/1706207953/20240125134057.record.00000,Van1,1706207953,True
279,5c7a9ab2-f13b-11ee-ba72-fb353e7798cd,1.70621e+18,1.70622e+18,815159,/Deployment_2_SEOhio/GreenRoute/TRCVan1/1706214692/20240125153356.record.00000,/Deployment_2_SEOhio/GreenRoute/TRCVan1/1706214692/20240125153356.record.00000,Van1,1706214692,False
282,bf518644-f1a6-11ee-bac9-fb353e7798cd,1.70655e+18,1.70655e+18,1478109,/Deployment_2_SEOhio/RedRoute/TRCVan1/1706545355/20240129112436.record.00000,/Deployment_2_SEOhio/RedRoute/TRCVan1/1706545355/20240129112436.record.00000,Van1,1706545355,True
283,3950298e-f1b4-11ee-bad3-fb353e7798cd,1.70655e+18,1.70655e+18,1416366,/Deployment_2_SEOhio/RedRoute/TRCVan1/1706548054/20240129120948.record.00000,/Deployment_2_SEOhio/RedRoute/TRCVan1/1706548054/20240129120948.record.00000,Van1,1706548054,True
284,cccc7d32-f1c0-11ee-bada-fb353e7798cd,1.70655e+18,1.70655e+18,1419518,/Deployment_2_SEOhio/RedRoute/TRCVan1/1706550569/20240129125236.record.00000,/Deployment_2_SEOhio/RedRoute/TRCVan1/1706550569/20240129125236.record.00000,Van1,1706550569,True
285,a6895b74-f1cd-11ee-bae2-fb353e7798cd,1.70655e+18,1.70656e+18,1399952,/Deployment_2_SEOhio/RedRoute/TRCVan1/1706553667/20240129134326.record.00000,/Deployment_2_SEOhio/RedRoute/TRCVan1/1706553667/20240129134326.record.00000,Van1,1706553667,True
286,61b4e416-f1da-11ee-bae8-fb353e7798cd,1.70656e+18,1.70656e+18,1405398,/Deployment_2_SEOhio/RedRoute/TRCVan1/1706556253/20240129142523.record.00000,/Deployment_2_SEOhio/RedRoute/TRCVan1/1706556253/20240129142523.record.00000,Van1,1706556253,True
287,fc1e1b6a-f1e6-11ee-baf6-fb353e7798cd,1.70656e+18,1.70656e+18,1392699,/Deployment_2_SEOhio/RedRoute/TRCVan1/1706557888/20240129145252.record.00000,/Deployment_2_SEOhio/RedRoute/TRCVan1/1706557888/20240129145252.record.00000,Van1,1706557888,True
288,a231c0b0-f142-11ee-ba76-fb353e7798cd,1.70663e+18,1.70663e+18,737228,/Deployment_2_SEOhio/GreenRoute/TRCVan1/1706628644/20240130103326.record.00000,/Deployment_2_SEOhio/GreenRoute/TRCVan1/1706628644/20240130103326.record.00000,Van1,1706628644,False
289,8e5c4fc2-f149-11ee-ba7f-fb353e7798cd,1.70663e+18,1.70663e+18,755315,/Deployment_2_SEOhio/GreenRoute/TRCVan1/1706630134/20240130105708.record.00000,/Deployment_2_SEOhio/GreenRoute/TRCVan1/1706630134/20240130105708.record.00000,Van1,1706630134,False
290,73bc30cc-f150-11ee-ba84-fb353e7798cd,1.70663e+18,1.70663e+18,753301,/Deployment_2_SEOhio/GreenRoute/TRCVan1/1706631389/20240130111809.record.00000,/Deployment_2_SEOhio/GreenRoute/TRCVan1/1706631389/20240130111809.record.00000,Van1,1706631389,False
291,4c88757c-f157-11ee-ba89-fb353e7798cd,1.70663e+18,1.70663e+18,739831,/Deployment_2_SEOhio/GreenRoute/TRCVan1/1706632676/20240130113944.record.00000,/Deployment_2_SEOhio/GreenRoute/TRCVan1/1706632676/20240130113944.record.00000,Van1,1706632676,False
292,f570c51c-f15d-11ee-ba91-fb353e7798cd,1.70663e+18,1.70663e+18,763434,/Deployment_2_SEOhio/GreenRoute/TRCVan1/1706633907/20240130120015.record.00000,/Deployment_2_SEOhio/GreenRoute/TRCVan1/1706633907/20240130120015.record.00000,Van1,1706633907,False
293,d7cb9c92-f164-11ee-ba97-fb353e7798cd,1.70664e+18,1.70664e+18,758609,/Deployment_2_SEOhio/GreenRoute/TRCVan1/1706635174/20240130122130.record.00000,/Deployment_2_SEOhio/GreenRoute/TRCVan1/1706635174/20240130122130.record.00000,Van1,1706635174,False
294,bf9157f0-f16b-11ee-ba9e-fb353e7798cd,1.70664e+18,1.70664e+18,759298,/Deployment_2_SEOhio/GreenRoute/TRCVan1/1706636440/20240130124157.record.00000,/Deployment_2_SEOhio/GreenRoute/TRCVan1/1706636440/20240130124157.record.00000,Van1,1706636440,False
295,9df14b4e-f172-11ee-baa6-fb353e7798cd,1.70664e+18,1.70664e+18,800781,/Deployment_2_SEOhio/GreenRoute/TRCVan1/1706637801/20240130130519.record.00000,/Deployment_2_SEOhio/GreenRoute/TRCVan1/1706637801/20240130130519.record.00000,Van1,1706637801,False
296,c59a54e0-f179-11ee-baab-fb353e7798cd,1.70664e+18,1.70664e+18,755616,/Deployment_2_SEOhio/GreenRoute/TRCVan1/1706639125/20240130132632.record.00000,/Deployment_2_SEOhio/GreenRoute/TRCVan1/1706639125/20240130132632.record.00000,Van1,1706639125,False
297,c14299be-f180-11ee-bab0-fb353e7798cd,1.70664e+18,1.70664e+18,752319,/Deployment_2_SEOhio/GreenRoute/TRCVan1/1706640013/20240130134053.record.00000,/Deployment_2_SEOhio/GreenRoute/TRCVan1/1706640013/20240130134053.record.00000,Van1,1706640013,False
298,b82476fe-f1f3-11ee-baff-fb353e7798cd,1.7068e+18,1.7068e+18,1665852,/Deployment_2_SEOhio/RedRoute/TRCVan1/1706801495/20240201103518.record.00000,/Deployment_2_SEOhio/RedRoute/TRCVan1/1706801495/20240201103518.record.00000,Van1,1706801495,False
299,286e019a-f204-11ee-bb07-fb353e7798cd,1.70681e+18,1.70681e+18,1708225,/Deployment_2_SEOhio/RedRoute/TRCVan1/1706804718/20240201113014.record.00000,/Deployment_2_SEOhio/RedRoute/TRCVan1/1706804718/20240201113014.record.00000,Van1,1706804718,False
300,84d96f18-f214-11ee-bb13-fb353e7798cd,1.70681e+18,1.70681e+18,1691858,/Deployment_2_SEOhio/RedRoute/TRCVan1/1706807891/20240201121930.record.00000,/Deployment_2_SEOhio/RedRoute/TRCVan1/1706807891/20240201121930.record.00000,Van1,1706807891,False
301,88dd6fbe-f224-11ee-bb21-fb353e7798cd,1.70681e+18,1.70681e+18,1686081,/Deployment_2_SEOhio/RedRoute/TRCVan1/1706812641/20240201134018.record.00000,/Deployment_2_SEOhio/RedRoute/TRCVan1/1706812641/20240201134018.record.00000,Van1,1706812641,False
302,61b12e7a-f234-11ee-bb33-fb353e7798cd,1.70682e+18,1.70682e+18,1687891,/Deployment_2_SEOhio/RedRoute/TRCVan1/1706815415/20240201142634.record.00000,/Deployment_2_SEOhio/RedRoute/TRCVan1/1706815415/20240201142634.record.00000,Van1,1706815415,False
304,5f6573ba-ed2f-11ee-9385-ef789ffde1d3,1.70724e+18,1.70724e+18,1717067,/Deployment_2_SEOhio/Blue Route/TRCVan1/1707236839/20240206113352.record.00000,/Deployment_2_SEOhio/Blue Route/TRCVan1/1707236839/20240206113352.record.00000,Van1,1707236839,False
305,7cbd932e-f244-11ee-bb3f-fb353e7798cd,1.70725e+18,1.70725e+18,1592757,/Deployment_2_SEOhio/RedRoute/TRCVan1/1707248494/20240206144459.record.00000,/Deployment_2_SEOhio/RedRoute/TRCVan1/1707248494/20240206144459.record.00000,Van1,1707248494,False
306,cf831f42-f353-11ee-bb4e-fb353e7798cd,1.70741e+18,1.70741e+18,1693025,/Deployment_2_SEOhio/RedRoute/TRCVan1/1707412240/20240208121603.record.00000,/Deployment_2_SEOhio/RedRoute/TRCVan1/1707412240/20240208121603.record.00000,Van1,1707412240,False
307,43a1a35e-f362-11ee-bb4e-fb353e7798cd,1.70742e+18,1.70742e+18,1678827,/Deployment_2_SEOhio/RedRoute/TRCVan1/1707415174/20240208130606.record.00000,/Deployment_2_SEOhio/RedRoute/TRCVan1/1707415174/20240208130606.record.00000,Van1,1707415174,False
308,bfde2aec-f370-11ee-bb4e-fb353e7798cd,1.70742e+18,1.70742e+18,1495460,/Deployment_2_SEOhio/RedRoute/TRCVan1/1707418071/20240208134912.record.00000,/Deployment_2_SEOhio/RedRoute/TRCVan1/1707418071/20240208134912.record.00000,Van1,1707418071,True
309,0b72a836-f37e-11ee-bb4e-fb353e7798cd,1.70742e+18,1.70742e+18,1468511,/Deployment_2_SEOhio/RedRoute/TRCVan1/1707420345/20240208142756.record.00000,/Deployment_2_SEOhio/RedRoute/TRCVan1/1707420345/20240208142756.record.00000,Van1,1707420345,True
310,662741a4-f38a-11ee-bb4e-fb353e7798cd,1.70742e+18,1.70742e+18,1435965,/Deployment_2_SEOhio/RedRoute/TRCVan1/1707422085/20240208150040.record.00000,/Deployment_2_SEOhio/RedRoute/TRCVan1/1707422085/20240208150040.record.00000,Van1,1707422085,True
311,65cfbfd6-f396-11ee-bb4e-fb353e7798cd,1.70801e+18,1.70801e+18,1638330,/Deployment_2_SEOhio/RedRoute/TRCVan1/1708011504/20240215104513.record.00000,/Deployment_2_SEOhio/RedRoute/TRCVan1/1708011504/20240215104513.record.00000,Van1,1708011504,False
312,c25271be-f3a4-11ee-bb4e-fb353e7798cd,1.70802e+18,1.70802e+18,1692068,/Deployment_2_SEOhio/RedRoute/TRCVan1/1708015127/20240215120202.record.00000,/Deployment_2_SEOhio/RedRoute/TRCVan1/1708015127/20240215120202.record.00000,Van1,1708015127,False
313,868de15e-f3b3-11ee-bb4e-fb353e7798cd,1.70803e+18,1.70803e+18,1691034,/Deployment_2_SEOhio/RedRoute/TRCVan1/1708024622/20240215143139.record.00000,/Deployment_2_SEOhio/RedRoute/TRCVan1/1708024622/20240215143139.record.00000,Van1,1708024622,False
314,9736e77c-f187-11ee-bab6-fb353e7798cd,1.70845e+18,1.70845e+18,758157,/Deployment_2_SEOhio/GreenRoute/TRCVan1/1708445941/20240220112059.record.00000,/Deployment_2_SEOhio/GreenRoute/TRCVan1/1708445941/20240220112059.record.00000,Van1,1708445941,False
315,c4fca7bc-f18e-11ee-bab8-fb353e7798cd,1.70845e+18,1.70845e+18,823641,/Deployment_2_SEOhio/GreenRoute/TRCVan1/1708447851/20240220115310.record.00000,/Deployment_2_SEOhio/GreenRoute/TRCVan1/1708447851/20240220115310.record.00000,Van1,1708447851,False
316,5774dcde-f196-11ee-babe-fb353e7798cd,1.70845e+18,1.70845e+18,747698,/Deployment_2_SEOhio/GreenRoute/TRCVan1/1708450169/20240220123137.record.00000,/Deployment_2_SEOhio/GreenRoute/TRCVan1/1708450169/20240220123137.record.00000,Van1,1708450169,False
317,51b74168-f19d-11ee-babf-fb353e7798cd,1.70845e+18,1.70845e+18,774460,/Deployment_2_SEOhio/GreenRoute/TRCVan1/1708452357/20240220130717.record.00000,/Deployment_2_SEOhio/GreenRoute/TRCVan1/1708452357/20240220130717.record.00000,Van1,1708452357,False
318,98692fde-f1a4-11ee-bac6-fb353e7798cd,1.70845e+18,1.70845e+18,740315,/Deployment_2_SEOhio/GreenRoute/TRCVan1/1708454084/20240220133709.record.00000,/Deployment_2_SEOhio/GreenRoute/TRCVan1/1708454084/20240220133709.record.00000,Van1,1708454084,False
319,5fc763f6-f1ab-11ee-bacd-fb353e7798cd,1.70846e+18,1.70846e+18,759841,/Deployment_2_SEOhio/GreenRoute/TRCVan1/1708455263/20240220135616.record.00000,/Deployment_2_SEOhio/GreenRoute/TRCVan1/1708455263/20240220135616.record.00000,Van1,1708455263,False
320,99b9f446-f1b2-11ee-bad3-fb353e7798cd,1.70846e+18,1.70846e+18,745922,/Deployment_2_SEOhio/GreenRoute/TRCVan1/1708456586/20240220141909.record.00000,/Deployment_2_SEOhio/GreenRoute/TRCVan1/1708456586/20240220141909.record.00000,Van1,1708456586,False
321,870cfd32-f1b9-11ee-bad5-fb353e7798cd,1.70846e+18,1.70846e+18,773397,/Deployment_2_SEOhio/GreenRoute/TRCVan1/1708458029/20240220144125.record.00000,/Deployment_2_SEOhio/GreenRoute/TRCVan1/1708458029/20240220144125.record.00000,Van1,1708458029,False
322,f12112ba-f1c0-11ee-bada-fb353e7798cd,1.70846e+18,1.70846e+18,798218,/Deployment_2_SEOhio/GreenRoute/TRCVan1/1708459148/20240220150126.record.00000,/Deployment_2_SEOhio/GreenRoute/TRCVan1/1708459148/20240220150126.record.00000,Van1,1708459148,False
323,5f7ce340-f1c8-11ee-bae0-fb353e7798cd,1.70846e+18,1.70846e+18,760851,/Deployment_2_SEOhio/GreenRoute/TRCVan1/1708460545/20240220152345.record.00000,/Deployment_2_SEOhio/GreenRoute/TRCVan1/1708460545/20240220152345.record.00000,Van1,1708460545,False
324,f0bcec4e-ed3e-11ee-9385-ef789ffde1d3,1.70862e+18,1.70862e+18,1891009,/Deployment_2_SEOhio/Blue Route/TRCVan1/1708621747/20240222121231.record.00000,/Deployment_2_SEOhio/Blue Route/TRCVan1/1708621747/20240222121231.record.00000,Van1,1708621747,False
325,3344a3c0-f502-11ee-8afa-cb629b0d53e6,1.70863e+18,1.70863e+18,1633989,/Deployment_2_SEOhio/RedRoute/TRCVan1/1708625632/20240222131450.record.00000,/Deployment_2_SEOhio/RedRoute/TRCVan1/1708625632/20240222131450.record.00000,Van1,1708625632,False
326,96ceec56-f1cf-11ee-bae4-fb353e7798cd,1.70863e+18,1.70863e+18,778583,/Deployment_2_SEOhio/GreenRoute/TRCVan1/1708631926/20240222150008.record.00000,/Deployment_2_SEOhio/GreenRoute/TRCVan1/1708631926/20240222150008.record.00000,Van1,1708631926,False
327,3ed4aa16-f1d6-11ee-bae6-fb353e7798cd,1.70863e+18,1.70863e+18,770633,/Deployment_2_SEOhio/GreenRoute/TRCVan1/1708633244/20240222152239.record.00000,/Deployment_2_SEOhio/GreenRoute/TRCVan1/1708633244/20240222152239.record.00000,Van1,1708633244,False
328,236836f6-f1dd-11ee-bae8-fb353e7798cd,1.70863e+18,1.70864e+18,773185,/Deployment_2_SEOhio/GreenRoute/TRCVan1/1708634226/20240222153757.record.00000,/Deployment_2_SEOhio/GreenRoute/TRCVan1/1708634226/20240222153757.record.00000,Van1,1708634226,False
329,1c74d294-f1e4-11ee-baf0-fb353e7798cd,1.70864e+18,1.70864e+18,765614,/Deployment_2_SEOhio/GreenRoute/TRCVan1/1708635122/20240222155302.record.00000,/Deployment_2_SEOhio/GreenRoute/TRCVan1/1708635122/20240222155302.record.00000,Van1,1708635122,False
5,88180f82-ed4f-11ee-9385-ef789ffde1d3,1.68485e+18,1.68486e+18,651969,/Deployment_2_SEOhio/Blue Route/TRCVan2/1684854744/van2_blue_loop_shadow.record.00000,/Deployment_2_SEOhio/Blue Route/TRCVan2/1684854744/van2_blue_loop_shadow.record.00000,Van2,1684781663,False
6,c0555ef0-f50f-11ee-8afa-cb629b0d53e6,1.68487e+18,1.68487e+18,1510291,/Deployment_2_SEOhio/RedRoute/TRCVan2/1684867984/van2_red_shadow.record.00000,/Deployment_2_SEOhio/RedRoute/TRCVan2/1684867984/van2_red_shadow.record.00000,Van2,1684784353,False
20,59c189d8-ed54-11ee-9385-ef789ffde1d3,1.69107e+18,1.69107e+18,1572320,/Deployment_2_SEOhio/Blue Route/TRCVan2/1691072577/20230803102431.record.00000,/Deployment_2_SEOhio/Blue Route/TRCVan2/1691072577/20230803102431.record.00000,Van2,1691072577,False
21,d94ef300-ed60-11ee-9385-ef789ffde1d3,1.69108e+18,1.69108e+18,1596260,/Deployment_2_SEOhio/Blue Route/TRCVan2/1691075427/20230803111216.record.00000,/Deployment_2_SEOhio/Blue Route/TRCVan2/1691075427/20230803111216.record.00000,Van2,1691075427,False
22,8b6a6cfc-ed6d-11ee-9385-ef789ffde1d3,1.69108e+18,1.69108e+18,1578512,/Deployment_2_SEOhio/Blue Route/TRCVan2/1691081526/20230803125408.record.00000,/Deployment_2_SEOhio/Blue Route/TRCVan2/1691081526/20230803125408.record.00000,Van2,1691081526,False
23,530de03a-ed79-11ee-9385-ef789ffde1d3,1.69108e+18,1.69109e+18,1582686,/Deployment_2_SEOhio/Blue Route/TRCVan2/1691084538/20230803134341.record.00000,/Deployment_2_SEOhio/Blue Route/TRCVan2/1691084538/20230803134341.record.00000,Van2,1691084538,False
24,43914d48-ed85-11ee-9385-ef789ffde1d3,1.69109e+18,1.69109e+18,1518117,/Deployment_2_SEOhio/Blue Route/TRCVan2/1691087271/20230803142920.record.00000,/Deployment_2_SEOhio/Blue Route/TRCVan2/1691087271/20230803142920.record.00000,Van2,1691087271,False
26,c9023e32-ed90-11ee-9385-ef789ffde1d3,1.6915e+18,1.69151e+18,1721810,/Deployment_2_SEOhio/Blue Route/TRCVan2/1691504361/20230808102628.record.00000,/Deployment_2_SEOhio/Blue Route/TRCVan2/1691504361/20230808102628.record.00000,Van2,1691504361,False
27,e269948a-ed9d-11ee-9385-ef789ffde1d3,1.69151e+18,1.69151e+18,1666446,/Deployment_2_SEOhio/Blue Route/TRCVan2/1691508219/20230808112603.record.00000,/Deployment_2_SEOhio/Blue Route/TRCVan2/1691508219/20230808112603.record.00000,Van2,1691508219,False
28,60546ef4-edaa-11ee-9385-ef789ffde1d3,1.69151e+18,1.69151e+18,1504574,/Deployment_2_SEOhio/Blue Route/TRCVan2/1691511606/20230808122312.record.00000,/Deployment_2_SEOhio/Blue Route/TRCVan2/1691511606/20230808122312.record.00000,Van2,1691511606,False
30,ce6465b6-f51b-11ee-8afa-cb629b0d53e6,1.69152e+18,1.69152e+18,1585501,/Deployment_2_SEOhio/RedRoute/TRCVan2/1691517970/20230808141558.record.00000,/Deployment_2_SEOhio/RedRoute/TRCVan2/1691517970/20230808141558.record.00000,Van2,1691517970,False
31,fe0395f0-f1ea-11ee-baf9-fb353e7798cd,1.69168e+18,1.69168e+18,632424,/Deployment_2_SEOhio/GreenRoute/TRCVan2/1691678548/20230810104912.record.00000,/Deployment_2_SEOhio/GreenRoute/TRCVan2/1691678548/20230810104912.record.00000,Van2,1691678548,False
32,7a22a34c-f1f0-11ee-bafe-fb353e7798cd,1.69168e+18,1.69168e+18,657025,/Deployment_2_SEOhio/GreenRoute/TRCVan2/1691679859/20230810110659.record.00000,/Deployment_2_SEOhio/GreenRoute/TRCVan2/1691679859/20230810110659.record.00000,Van2,1691679859,False
33,0f3cdf60-f1f6-11ee-bb00-fb353e7798cd,1.69168e+18,1.69168e+18,648843,/Deployment_2_SEOhio/GreenRoute/TRCVan2/1691680851/20230810112305.record.00000,/Deployment_2_SEOhio/GreenRoute/TRCVan2/1691680851/20230810112305.record.00000,Van2,1691680851,False
34,a08a8c7e-f1fb-11ee-bb05-fb353e7798cd,1.69168e+18,1.69168e+18,624862,/Deployment_2_SEOhio/GreenRoute/TRCVan2/1691681779/20230810113914.record.00000,/Deployment_2_SEOhio/GreenRoute/TRCVan2/1691681779/20230810113914.record.00000,Van2,1691681779,False
35,df6c3fb4-f200-11ee-bb07-fb353e7798cd,1.69168e+18,1.69168e+18,634966,/Deployment_2_SEOhio/GreenRoute/TRCVan2/1691683677/20230810121006.record.00000,/Deployment_2_SEOhio/GreenRoute/TRCVan2/1691683677/20230810121006.record.00000,Van2,1691683677,False
36,43abeb00-f206-11ee-bb07-fb353e7798cd,1.69168e+18,1.69169e+18,622396,/Deployment_2_SEOhio/GreenRoute/TRCVan2/1691684637/20230810122612.record.00000,/Deployment_2_SEOhio/GreenRoute/TRCVan2/1691684637/20230810122612.record.00000,Van2,1691684637,False
46,7948628e-f20b-11ee-bb0f-fb353e7798cd,1.69272e+18,1.69272e+18,676037,/Deployment_2_SEOhio/GreenRoute/TRCVan2/1692718087/20230822113405.record.00000,/Deployment_2_SEOhio/GreenRoute/TRCVan2/1692718087/20230822113405.record.00000,Van2,1692718087,False
47,fa852f30-f210-11ee-bb10-fb353e7798cd,1.69272e+18,1.69272e+18,547140,/Deployment_2_SEOhio/GreenRoute/TRCVan2/1692720346/20230822120757.record.00000,/Deployment_2_SEOhio/GreenRoute/TRCVan2/1692720346/20230822120757.record.00000,Van2,1692720346,True
48,986a0b90-f215-11ee-bb15-fb353e7798cd,1.69272e+18,1.69272e+18,557412,/Deployment_2_SEOhio/GreenRoute/TRCVan2/1692721184/20230822122108.record.00000,/Deployment_2_SEOhio/GreenRoute/TRCVan2/1692721184/20230822122108.record.00000,Van2,1692721184,True
49,57a2192c-f21a-11ee-bb17-fb353e7798cd,1.69272e+18,1.69272e+18,550319,/Deployment_2_SEOhio/GreenRoute/TRCVan2/1692722030/20230822123743.record.00000,/Deployment_2_SEOhio/GreenRoute/TRCVan2/1692722030/20230822123743.record.00000,Van2,1692722030,True
50,cd11fc28-f21e-11ee-bb1c-fb353e7798cd,1.69272e+18,1.69272e+18,597586,/Deployment_2_SEOhio/GreenRoute/TRCVan2/1692723072/20230822130021.record.00000,/Deployment_2_SEOhio/GreenRoute/TRCVan2/1692723072/20230822130021.record.00000,Van2,1692723072,True
51,b2f58080-f223-11ee-bb20-fb353e7798cd,1.69272e+18,1.69273e+18,546034,/Deployment_2_SEOhio/GreenRoute/TRCVan2/1692724389/20230822131909.record.00000,/Deployment_2_SEOhio/GreenRoute/TRCVan2/1692724389/20230822131909.record.00000,Van2,1692724389,True
52,2f2939cc-f228-11ee-bb28-fb353e7798cd,1.69273e+18,1.69273e+18,724769,/Deployment_2_SEOhio/GreenRoute/TRCVan2/1692725685/20230822133724.record.00000,/Deployment_2_SEOhio/GreenRoute/TRCVan2/1692725685/20230822133724.record.00000,Van2,1692725685,True
54,45ad3a9a-edb4-11ee-9385-ef789ffde1d3,1.69289e+18,1.69289e+18,1564135,/Deployment_2_SEOhio/Blue Route/TRCVan2/1692887823/20230824104552.record.00000,/Deployment_2_SEOhio/Blue Route/TRCVan2/1692887823/20230824104552.record.00000,Van2,1692887823,True
55,e8a8b2be-edbf-11ee-9385-ef789ffde1d3,1.69289e+18,1.69289e+18,1544460,/Deployment_2_SEOhio/Blue Route/TRCVan2/1692891046/20230824113426.record.00000,/Deployment_2_SEOhio/Blue Route/TRCVan2/1692891046/20230824113426.record.00000,Van2,1692891046,False
56,7613801a-edcb-11ee-9385-ef789ffde1d3,1.6929e+18,1.6929e+18,1640273,/Deployment_2_SEOhio/Blue Route/TRCVan2/1692896526/20230824131233.record.00000,/Deployment_2_SEOhio/Blue Route/TRCVan2/1692896526/20230824131233.record.00000,Van2,1692896526,False
57,3ce8a358-edd8-11ee-9385-ef789ffde1d3,1.6929e+18,1.6929e+18,1759407,/Deployment_2_SEOhio/Blue Route/TRCVan2/1692900817/20230824141453.record.00000,/Deployment_2_SEOhio/Blue Route/TRCVan2/1692900817/20230824141453.record.00000,Van2,1692900817,False
83,64875cc0-d054-11ee-9435-f7e542e2436c,1.69472e+18,1.69472e+18,1681244,/Deployment_2_SEOhio/Blue Route/TRCVan1/1694716007/20230914143655.record.00000,/Deployment_2_SEOhio/Blue Route/TRCVan1/1694716007/20230914143655.record.00000,Van2,1694716007,False
127,2a61b8a8-f528-11ee-8afa-cb629b0d53e6,1.69756e+18,1.69756e+18,960627,/Deployment_2_SEOhio/RedRoute/TRCVan2/1697559721/20231017123635.record.00000,/Deployment_2_SEOhio/RedRoute/TRCVan2/1697559721/20231017123635.record.00000,Van2,1697559721,False
128,41b67a28-f52f-11ee-8afa-cb629b0d53e6,1.69756e+18,1.69756e+18,1737647,/Deployment_2_SEOhio/RedRoute/TRCVan2/1697562875/20231017131710.record.00000,/Deployment_2_SEOhio/RedRoute/TRCVan2/1697562875/20231017131710.record.00000,Van2,1697562875,False
129,fe973c9c-f53c-11ee-8afa-cb629b0d53e6,1.69757e+18,1.69757e+18,1609624,/Deployment_2_SEOhio/RedRoute/TRCVan2/1697569600/20231017151026.record.00000,/Deployment_2_SEOhio/RedRoute/TRCVan2/1697569600/20231017151026.record.00000,Van2,1697569600,False
130,96f7a614-f549-11ee-8afa-cb629b0d53e6,1.69757e+18,1.69757e+18,1605708,/Deployment_2_SEOhio/RedRoute/TRCVan2/1697572375/20231017155538.record.00000,/Deployment_2_SEOhio/RedRoute/TRCVan2/1697572375/20231017155538.record.00000,Van2,1697572375,False
133,aef91c4a-ede5-11ee-9385-ef789ffde1d3,1.69773e+18,1.69773e+18,1595886,/Deployment_2_SEOhio/Blue Route/TRCVan2/1697724037/20231019103308.record.00000,/Deployment_2_SEOhio/Blue Route/TRCVan2/1697724037/20231019103308.record.00000,Van2,1697724037,False
134,513a670c-eea9-11ee-9385-ef789ffde1d3,1.69773e+18,1.69773e+18,449927,/Deployment_2_SEOhio/Blue Route/TRCVan2/1697730205/20231019114621.record.00000,/Deployment_2_SEOhio/Blue Route/TRCVan2/1697730205/20231019114621.record.00000,Van2,1697730205,False
195,a437811e-ccf4-11ee-9435-f7e542e2436c,1.70119e+18,1.70119e+18,625618,/Deployment_2_SEOhio/GreenRoute/TRCVan2/1701070980/20231128115252.record.00000,/Deployment_2_SEOhio/GreenRoute/TRCVan2/1701070980/20231128115252.record.00000,Van2,1701070980,True
196,fe729430-f232-11ee-bb32-fb353e7798cd,1.70119e+18,1.70119e+18,684669,/Deployment_2_SEOhio/GreenRoute/TRCVan2/1701192784/20231128123411.record.00000,/Deployment_2_SEOhio/GreenRoute/TRCVan2/1701192784/20231128123411.record.00000,Van2,1701192784,True
197,4cf81634-f238-11ee-bb34-fb353e7798cd,1.70119e+18,1.7012e+18,704029,/Deployment_2_SEOhio/GreenRoute/TRCVan2/1701194185/20231128125800.record.00000,/Deployment_2_SEOhio/GreenRoute/TRCVan2/1701194185/20231128125800.record.00000,Van2,1701194185,False
198,e9a1d768-f23d-11ee-bb39-fb353e7798cd,1.7012e+18,1.7012e+18,753581,/Deployment_2_SEOhio/GreenRoute/TRCVan2/1701195386/20231128131916.record.00000,/Deployment_2_SEOhio/GreenRoute/TRCVan2/1701195386/20231128131916.record.00000,Van2,1701195386,False
199,f8fd0fd8-f243-11ee-bb3f-fb353e7798cd,1.7012e+18,1.7012e+18,758506,/Deployment_2_SEOhio/GreenRoute/TRCVan2/1701196779/20231128134136.record.00000,/Deployment_2_SEOhio/GreenRoute/TRCVan2/1701196779/20231128134136.record.00000,Van2,1701196779,False
200,58d78342-f24a-11ee-bb45-fb353e7798cd,1.7012e+18,1.7012e+18,727298,/Deployment_2_SEOhio/GreenRoute/TRCVan2/1701198151/20231128140454.record.00000,/Deployment_2_SEOhio/GreenRoute/TRCVan2/1701198151/20231128140454.record.00000,Van2,1701198151,False
201,25135418-f250-11ee-bb4a-fb353e7798cd,1.7012e+18,1.7012e+18,751183,/Deployment_2_SEOhio/GreenRoute/TRCVan2/1701199673/20231128142921.record.00000,/Deployment_2_SEOhio/GreenRoute/TRCVan2/1701199673/20231128142921.record.00000,Van2,1701199673,False
202,cbdc93f4-f255-11ee-bb4e-fb353e7798cd,1.7012e+18,1.7012e+18,705558,/Deployment_2_SEOhio/GreenRoute/TRCVan2/1701203037/20231128152559.record.00000,/Deployment_2_SEOhio/GreenRoute/TRCVan2/1701203037/20231128152559.record.00000,Van2,1701203037,False
203,de226278-f25a-11ee-bb4e-fb353e7798cd,1.7012e+18,1.70121e+18,743008,/Deployment_2_SEOhio/GreenRoute/TRCVan2/1701204159/20231128154451.record.00000,/Deployment_2_SEOhio/GreenRoute/TRCVan2/1701204159/20231128154451.record.00000,Van2,1701204159,False
